winner,starter,turns,pts
1,2,16,84
2,2,15,36
2,1,8,17
1,1,9,73
1,1,29,10
2,2,19,19
2,2,17,83
2,2,17,85
1,2,6,17
2,1,18,26
1,1,9,51
1,1,19,3
1,2,6,90
1,2,26,17
1,2,22,18
2,2,17,81
2,2,25,30
2,1,14,2
1,1,5,34
2,2,17,5
1,2,6,68
2,2,13,10
2,1,22,105
1,1,15,22
1,2,18,18
2,1,18,4
1,2,8,28
2,2,11,9
2,1,26,92
2,1,16,19
1,2,14,70
1,2,12,101
1,2,12,102
1,2,10,10
2,1,24,35
1,2,12,34
2,2,35,69
1,1,33,4
1,2,14,74
1,1,11,50
1,2,16,6
1,2,8,87
2,1,14,7
2,2,9,43
2,2,25,24
1,1,21,26
2,2,27,10
1,2,14,25
1,1,17,23
2,2,5,90
2,1,22,10
2,2,17,56
1,2,30,12
1,1,9,54
2,2,23,2
1,1,17,23
2,2,15,5
2,1,36,10
1,1,11,15
1,1,9,54
1,1,13,82
2,1,12,97
1,1,25,10
1,1,9,95
1,1,35,2
1,1,33,10
1,2,18,21
2,1,8,77
2,2,9,50
1,2,8,47
2,1,20,30
1,2,12,30
1,1,13,18
1,2,10,74
2,1,14,3
1,2,18,24
1,1,27,6
2,1,20,8
1,1,21,24
1,1,15,34
2,1,12,20
1,1,9,104
2,1,20,20
1,1,15,9
1,2,18,10
2,1,22,10
2,2,41,14
2,2,7,95
2,2,9,80
1,1,9,88
2,1,8,10
1,2,18,13
2,2,25,4
2,1,20,3
1,1,11,21
2,1,4,7
2,2,19,45
1,2,16,26
1,2,16,18
1,2,18,10
2,2,27,3
2,1,10,92
2,2,11,56
1,1,9,33
2,1,10,58
2,2,11,27
2,1,10,37
2,2,13,108
2,1,10,3
2,2,15,30
1,2,14,26
2,2,25,28
1,1,19,19
2,1,22,7
1,1,7,28
2,2,9,24
2,2,5,82
2,1,12,105
2,1,20,10
1,2,10,24
2,1,10,5
1,2,10,6
2,2,15,55
2,2,7,67
1,1,17,49
2,2,17,44
1,2,6,72
1,2,22,10
1,1,27,19
2,2,7,32
2,1,4,67
2,2,31,10
2,1,20,27
1,1,13,16
1,1,13,32
1,2,12,33
1,1,15,77
1,2,22,2
1,1,17,53
1,1,13,24
2,1,20,14
2,1,22,10
1,2,16,4
2,2,13,13
2,1,8,10
1,2,16,83
2,1,16,91
1,1,13,24
1,1,11,14
2,2,11,91
2,2,13,99
1,1,9,28
2,2,1,99
2,1,8,51
1,1,5,98
1,1,15,7
2,2,25,19
2,2,25,6
2,1,18,12
2,2,13,25
1,2,10,31
2,1,14,10
1,1,13,92
1,2,12,90
1,1,7,10
1,1,11,2
1,1,21,2
1,2,26,11
2,2,5,24
2,1,6,10
2,2,11,91
1,1,7,93
1,1,19,18
1,1,23,36
2,2,9,108
2,1,8,18
2,2,17,97
1,1,17,3
2,1,12,33
2,2,23,12
2,1,14,19
2,1,30,23
1,1,29,7
1,1,19,9
2,2,11,19
1,2,12,27
1,2,20,20
2,1,22,23
2,1,6,64
2,2,11,23
1,1,11,79
2,2,13,62
1,2,14,17
1,1,21,59
2,2,13,14
1,2,14,101
1,1,17,38
1,1,15,27
2,1,6,62
2,2,11,5
2,1,18,10
2,2,19,19
1,1,7,27
1,1,13,46
1,2,2,50
2,2,3,28
2,1,4,88
2,2,17,6
1,2,8,30
2,1,12,22
1,2,18,10
1,2,8,40
1,1,5,88
2,1,10,23
1,1,3,65
1,1,15,5
1,1,13,16
1,1,5,25
2,2,21,95
1,2,12,2
1,2,14,8
2,2,7,90
1,1,33,15
2,1,22,12
1,2,12,21
1,1,15,8
1,2,12,10
1,1,27,23
1,2,18,104
2,2,17,27
2,1,8,66
1,1,15,68
1,1,17,30
1,2,12,67
2,1,18,95
2,2,23,91
2,1,10,21
1,2,36,20
1,1,17,9
1,2,14,26
1,2,10,17
1,2,20,23
2,2,5,41
1,2,20,52
1,2,18,58
1,2,8,33
1,2,12,28
1,1,9,86
1,2,12,29
2,1,16,20
2,2,7,53
1,2,18,10
1,2,12,6
2,1,12,68
2,2,7,21
1,1,7,9
2,1,8,98
1,1,13,22
1,2,12,35
1,1,31,10
2,2,17,9
2,2,25,30
1,2,26,7
2,2,13,33
2,2,11,36
1,2,10,23
2,2,11,22
1,1,7,90
2,2,15,51
2,1,6,84
1,1,3,84
1,1,7,73
2,1,32,2
1,1,7,86
2,2,17,8
1,1,17,46
2,2,19,5
1,2,20,21
1,2,6,43
2,1,12,35
1,2,10,15
1,2,10,9
2,1,2,18
2,1,20,10
2,2,7,10
2,1,8,21
1,1,11,10
1,1,5,33
1,1,11,17
2,2,15,119
1,2,20,27
1,2,12,20
1,1,17,5
2,2,5,22
2,2,5,102
1,2,14,6
2,1,18,34
2,2,15,46
2,1,12,25
2,1,26,9
2,2,15,38
2,2,11,5
1,2,10,23
1,2,8,7
1,1,23,53
1,1,9,36
1,2,12,3
1,1,15,2
2,2,19,78
2,1,12,4
2,1,20,22
2,2,17,77
1,2,12,25
1,1,3,72
2,1,14,97
2,2,9,16
1,2,22,10
1,2,10,25
2,1,14,10
1,2,10,75
2,2,13,17
1,2,24,68
1,2,8,58
2,2,13,33
1,2,14,7
2,1,18,9
2,1,16,9
1,1,15,11
2,1,12,29
2,2,17,9
2,1,34,6
2,1,22,10
1,1,19,9
1,2,10,0
1,1,11,25
1,2,8,70
1,2,10,51
2,2,13,12
1,1,7,97
2,1,8,5
1,2,28,33
2,2,23,86
2,1,10,85
1,1,17,83
1,2,14,70
1,1,23,5
2,2,5,47
2,1,8,13
2,1,10,85
1,2,18,66
1,1,7,76
1,2,8,14
1,1,9,92
2,2,21,10
2,2,17,40
2,1,14,91
1,1,11,7
2,2,9,13
2,2,9,7
1,1,21,0
2,1,8,22
2,1,22,7
1,2,8,4
1,1,21,17
2,1,22,77
1,1,11,16
1,2,16,19
2,1,12,34
1,2,20,3
2,2,11,41
2,2,5,91
2,2,5,49
2,1,6,35
1,1,5,3
1,2,20,33
1,2,20,76
2,1,10,29
1,2,12,70
1,2,12,38
1,2,24,39
1,1,11,14
1,1,25,10
1,1,23,9
2,1,14,86
2,2,7,46
1,1,9,2
2,2,7,40
2,2,3,86
2,2,25,19
1,1,9,69
1,1,7,84
1,1,21,19
1,2,8,16
1,1,7,9
2,1,4,64
2,1,18,17
1,1,3,82
1,2,16,42
2,2,17,10
1,2,20,93
1,2,34,7
1,2,10,19
2,1,20,25
2,2,7,21
1,2,12,7
2,1,4,84
1,1,15,21
2,2,5,38
2,1,14,102
1,2,14,23
2,2,13,20
2,2,23,10
2,1,8,96
2,1,8,13
2,1,16,10
2,1,16,10
2,2,9,70
1,1,13,81
1,1,19,0
1,1,9,17
2,1,14,23
1,1,21,20
1,2,10,25
1,2,4,27
1,2,24,35
2,2,9,95
1,2,18,4
2,1,18,54
1,2,16,16
1,2,14,35
2,1,8,4
2,2,33,10
1,2,22,7
2,2,15,61
2,2,5,50
2,1,6,19
2,1,24,12
1,2,10,16
1,1,13,85
1,2,12,15
1,2,8,62
1,2,18,38
1,2,20,86
2,2,7,92
1,2,12,52
1,1,19,40
2,2,13,0
1,1,9,57
1,1,17,20
1,2,20,9
1,2,4,82
1,1,15,24
1,1,31,6
2,2,29,20
2,2,9,8
2,1,14,10
2,1,14,34
2,1,16,30
1,2,12,90
2,2,11,20
2,1,18,54
1,1,15,10
2,2,5,86
1,2,14,19
1,2,22,105
2,1,16,10
1,2,22,83
1,2,12,16
1,2,14,43
2,1,16,51
2,1,26,17
1,2,12,10
2,1,16,7
2,2,13,81
2,1,18,20
1,2,4,77
1,2,16,70
2,1,24,30
1,1,9,88
2,1,26,11
2,2,7,92
2,1,8,22
1,2,22,2
1,1,13,14
2,2,17,2
1,2,12,75
1,2,2,66
1,1,7,4
1,1,13,91
2,2,7,15
1,2,10,78
1,1,9,12
1,1,17,28
1,2,16,17
2,1,24,9
2,1,18,20
1,2,12,23
1,2,18,17
2,2,17,11
1,1,17,9
1,1,7,33
2,1,16,10
1,1,11,29
1,2,4,99
1,1,9,22
1,2,14,26
2,1,10,23
2,2,5,17
2,1,12,85
2,1,12,56
1,1,17,10
1,1,13,10
2,2,17,23
2,2,7,18
2,1,16,24
1,2,22,37
2,2,13,10
2,1,6,10
1,1,15,30
2,1,12,18
1,1,9,80
2,1,22,7
2,2,25,71
1,1,27,17
1,2,6,77
2,1,8,79
2,1,18,10
1,2,14,102
2,1,20,20
2,1,12,26
1,1,23,14
1,2,14,74
2,1,8,83
1,2,18,50
1,1,5,44
1,1,27,59
1,1,25,10
2,2,3,81
1,1,5,39
1,2,16,62
1,1,11,27
2,1,8,46
2,1,6,22
1,1,9,51
1,1,19,75
1,2,28,22
1,1,11,20
1,2,16,10
2,2,11,3
1,1,11,80
1,2,4,88
2,2,7,82
1,1,21,0
2,1,6,76
1,1,9,32
1,1,23,67
2,1,4,14
1,1,15,64
2,2,11,56
1,2,10,63
1,1,27,10
2,1,6,99
2,2,17,76
1,1,7,20
1,2,6,34
2,2,23,14
2,2,29,72
1,1,15,5
2,1,32,20
2,2,11,92
1,2,10,82
1,2,34,19
1,2,6,14
2,2,15,102
1,1,21,14
2,2,9,20
2,1,16,10
1,2,10,28
2,1,10,10
2,2,11,85
2,2,17,88
2,2,11,19
2,1,12,74
1,2,10,3
1,2,20,21
1,1,17,83
1,1,9,20
1,1,11,55
2,2,17,80
1,2,14,75
1,2,14,2
1,2,8,36
2,2,15,39
1,2,6,107
2,1,18,31
2,1,16,3
1,1,19,29
2,1,24,59
2,1,14,9
2,2,17,11
1,1,13,44
1,1,7,10
2,1,14,5
1,1,13,2
2,2,29,15
2,1,22,3
2,1,26,10
1,2,10,17
1,1,5,6
1,2,16,22
2,2,13,41
2,2,15,58
1,1,27,22
1,1,1,82
2,2,11,5
2,2,11,63
2,1,10,93
1,2,22,4
2,1,8,27
1,2,8,32
1,2,12,79
2,1,22,15
1,2,24,6
2,1,20,25
1,2,14,21
2,1,26,12
1,1,27,8
2,2,15,10
2,2,9,15
1,1,11,53
2,2,5,78
1,1,13,78
2,1,6,63
1,2,20,13
2,2,17,32
1,2,24,38
1,2,12,30
2,2,3,16
1,1,5,80
2,2,7,31
2,2,21,25
1,1,19,12
2,2,9,43
1,2,16,84
2,1,10,2
1,1,19,10
1,2,12,37
1,1,25,20
2,2,15,40
1,2,16,55
2,1,10,14
2,1,22,23
2,2,35,9
2,2,17,50
1,2,8,78
2,2,13,78
1,1,11,59
2,2,13,84
2,1,2,47
1,2,24,25
2,2,29,3
2,2,35,29
2,2,7,86
2,2,7,73
2,2,9,3
2,1,12,102
1,1,11,77
2,2,11,41
2,2,9,8
2,2,17,24
1,1,9,41
1,2,16,36
2,1,8,6
2,1,12,10
1,1,11,5
1,1,21,19
1,2,18,104
2,1,8,88
2,2,15,14
1,1,5,80
2,1,10,5
1,1,9,87
2,1,6,29
1,1,15,2
1,2,10,30
2,2,15,26
1,1,17,16
1,2,18,74
2,2,3,95
1,1,5,70
1,1,23,0
2,2,13,111
1,1,11,71
1,2,26,11
2,2,11,7
1,1,17,5
2,2,27,52
2,2,15,25
1,1,15,82
1,1,17,2
2,1,20,23
2,2,19,4
2,1,6,45
2,1,8,37
1,1,9,14
1,1,5,94
2,1,24,24
1,1,17,5
2,1,32,10
1,1,13,84
2,1,18,2
2,1,12,112
2,2,5,17
2,1,18,69
2,2,11,90
2,2,3,45
1,1,11,29
1,2,22,49
1,2,12,78
1,1,11,25
1,2,18,100
2,2,19,13
2,1,28,10
1,1,7,19
2,2,23,25
1,1,13,55
1,2,8,23
1,1,35,20
1,2,18,17
2,1,18,2
2,2,9,49
2,2,9,80
1,2,12,10
1,2,20,10
2,1,14,6
2,2,15,21
1,1,7,42
1,2,18,90
1,1,13,10
1,1,25,50
1,1,1,69
1,2,10,12
2,2,7,80
2,2,17,25
1,1,13,27
2,2,13,12
2,1,18,108
1,2,10,5
2,2,17,10
1,1,9,22
1,2,22,21
2,2,3,80
2,1,26,3
1,1,15,32
1,2,10,22
1,2,26,82
1,1,7,33
1,2,8,33
1,1,11,14
1,2,4,88
1,2,34,9
1,2,8,46
2,1,10,98
1,1,23,28
2,1,28,8
1,1,5,97
2,1,8,67
2,1,10,4
1,1,13,47
1,1,11,51
1,1,13,19
1,1,11,18
2,2,3,21
2,2,5,61
2,2,17,23
1,1,23,3
2,1,16,10
1,1,23,10
2,2,25,2
2,1,12,20
1,1,17,50
1,2,36,10
1,2,18,3
1,1,15,23
2,2,5,80
1,1,11,15
2,2,1,55
1,1,11,42
2,1,24,10
2,2,5,17
2,1,16,9
1,1,15,15
2,1,8,55
1,1,13,2
1,2,10,11
2,1,12,45
2,1,20,77
2,1,8,22
1,2,26,104
2,1,16,14
1,2,8,28
1,1,9,7
2,2,19,30
1,2,8,90
1,2,6,9
1,2,6,18
2,1,16,65
1,1,21,10
2,1,10,13
1,1,29,55
1,1,17,18
2,1,8,101
1,2,12,13
2,1,10,92
2,1,8,45
1,1,3,30
1,2,12,69
1,1,25,4
1,1,11,22
1,1,9,71
2,2,21,60
1,1,15,28
2,2,13,24
1,1,13,11
2,2,7,48
2,2,9,79
2,2,19,10
2,2,9,12
1,2,12,79
1,2,10,81
1,1,11,81
1,2,24,10
2,1,4,18
2,1,8,78
1,1,21,93
2,2,23,55
1,2,20,17
2,1,16,10
1,2,10,25
2,2,13,23
2,2,13,10
2,1,8,25
2,1,12,85
1,2,10,18
1,1,23,18
2,1,16,4
2,2,25,10
1,2,12,19
1,1,11,20
2,1,16,3
2,1,22,3
2,2,3,68
1,1,15,17
2,2,19,23
2,2,29,13
1,2,16,20
1,2,14,30
1,1,1,92
2,1,24,23
2,2,7,87
1,2,14,24
1,2,14,62
2,2,1,94
1,2,6,74
1,1,19,26
1,1,15,4
1,2,16,16
2,2,9,38
1,1,7,44
1,1,11,28
1,2,34,10
2,2,5,77
1,2,16,10
2,2,27,57
2,2,11,43
2,1,18,15
2,1,16,19
2,2,5,109
2,2,7,94
2,1,4,88
1,1,19,19
1,1,7,96
2,1,8,52
2,2,17,23
2,1,6,10
2,2,17,7
2,2,21,7
2,2,15,13
2,2,9,86
1,2,18,26
2,2,11,47
2,2,17,12
2,1,14,71
2,1,18,10
2,2,11,63
2,1,10,96
2,2,13,6
2,2,17,25
1,1,13,11
2,1,10,83
2,1,14,19
2,1,16,4
1,1,3,55
2,1,30,10
1,2,18,8
2,1,8,4
1,1,17,54
1,2,18,2
1,1,7,28
2,1,8,93
1,1,11,10
1,1,25,10
2,1,18,36
1,2,28,40
2,2,25,13
2,2,13,19
1,1,7,95
2,1,4,104
1,1,13,22
2,2,17,21
1,2,14,43
2,2,13,4
2,1,8,27
2,1,18,37
2,2,15,10
1,2,12,73
2,2,11,30
2,1,20,104
2,1,18,9
1,1,11,96
2,2,21,76
1,1,11,10
1,1,11,79
2,2,1,50
1,1,19,21
2,1,8,34
2,2,17,14
1,2,22,0
1,1,5,15
2,1,16,15
1,1,17,66
1,1,13,21
2,2,15,23
2,2,5,59
1,2,18,14
2,1,18,22
1,1,5,17
2,2,1,85
2,2,15,7
1,1,7,84
2,1,12,10
1,1,11,10
1,2,8,23
1,1,9,10
2,1,12,66
1,2,22,18
1,2,24,54
2,2,3,75
1,1,11,11
1,2,14,35
2,2,7,112
1,1,13,10
1,1,7,93
1,1,11,22
1,1,9,111
2,2,7,11
1,1,15,7
2,1,2,93
1,1,11,108
1,2,14,10
2,1,6,108
2,2,29,93
2,1,20,2
1,2,12,20
2,1,20,10
1,1,31,3
2,1,8,72
1,1,13,22
2,2,13,79
1,1,17,8
2,2,23,2
2,1,20,12
1,2,28,23
1,1,19,2
1,2,24,86
2,2,21,17
2,2,21,13
1,1,19,22
2,1,10,69
2,2,9,88
2,2,19,37
2,1,8,23
2,2,21,8
2,1,20,10
2,1,16,26
1,2,16,26
2,2,17,85
2,1,14,8
2,1,24,12
2,1,18,7
1,1,17,17
2,2,11,100
2,1,8,22
2,1,10,28
2,1,10,30
2,1,16,15
1,2,8,26
1,2,28,6
2,1,12,13
1,1,7,67
1,1,9,32
1,2,12,10
1,1,11,94
1,1,11,3
1,1,5,86
1,1,11,96
1,2,18,2
2,1,8,50
1,1,21,5
2,1,8,17
1,2,14,72
2,1,12,49
2,1,6,64
1,1,9,13
1,1,13,20
2,1,6,32
2,2,11,87
1,2,8,40
2,1,8,5
2,1,4,25
1,1,5,12
2,1,22,7
2,2,11,22
1,2,18,17
2,2,13,11
1,1,19,93
2,2,21,5
2,1,16,95
2,1,16,0
1,2,16,4
1,1,19,6
1,1,9,32
1,1,7,87
1,2,18,15
2,1,14,40
1,2,34,2
2,1,22,10
1,2,14,10
2,1,16,50
2,1,22,6
2,2,27,5
1,2,16,46
2,2,5,15
2,2,9,105
1,2,20,61
1,2,6,18
2,1,4,14
1,1,7,82
2,1,24,22
2,1,26,10
1,1,19,90
2,1,20,6
1,2,20,10
2,1,22,17
2,2,21,4
1,2,18,16
2,1,14,61
1,2,12,16
2,2,11,53
1,2,22,62
1,1,9,37
1,2,6,7
2,2,11,39
2,2,7,16
1,2,18,55
1,1,7,97
2,1,14,66
2,1,8,23
1,2,4,87
1,1,11,5
2,1,10,79
1,1,19,14
1,1,3,50
1,2,4,23
2,1,32,10
2,1,10,17
2,1,14,7
1,2,16,87
2,2,9,48
2,1,16,73
1,2,10,50
2,2,27,18
1,1,17,38
1,2,22,6
1,1,15,11
2,2,35,61
2,1,18,0
1,2,16,10
2,2,15,3
1,1,1,82
2,2,17,30
1,1,11,10
1,2,6,85
1,2,10,3
1,2,8,102
2,2,1,82
2,2,11,2
1,1,13,7
2,1,16,12
1,2,32,20
2,2,11,24
2,1,14,14
2,2,19,36
2,1,14,7
1,1,9,56
1,1,13,10
1,1,17,5
2,2,5,37
1,2,12,31
2,1,4,98
2,2,23,10
1,1,7,101
1,2,28,88
2,2,29,10
1,1,15,10
1,1,15,8
1,2,18,29
1,2,6,62
1,1,7,109
1,2,22,13
2,2,19,25
1,1,19,3
2,2,3,23
1,2,18,15
1,2,28,34
2,2,5,101
1,2,6,21
2,2,17,37
2,1,8,6
1,2,8,91
2,1,18,5
2,2,7,50
2,2,3,75
1,2,14,23
1,1,9,78
2,2,11,76
1,1,11,14
1,1,17,16
1,1,11,30
1,2,22,29
2,1,18,18
2,2,31,9
2,1,4,74
2,2,5,22
1,1,15,21
2,1,26,15
2,2,13,22
2,2,5,80
1,1,9,26
1,1,7,24
1,2,22,9
1,2,14,50
1,1,7,90
2,1,10,48
2,1,24,28
2,2,5,77
2,1,26,10
1,1,15,3
2,2,37,20
1,1,13,73
2,1,6,80
1,1,7,20
1,2,18,15
1,2,14,59
2,2,3,28
2,1,8,107
2,1,14,13
1,1,13,61
2,2,9,23
1,1,25,46
2,2,5,2
1,2,4,88
2,1,20,21
2,1,16,22
2,1,12,68
1,1,13,10
2,1,22,10
1,1,15,23
1,2,22,20
1,2,10,19
1,2,14,24
2,1,16,3
2,2,5,24
1,1,11,7
2,2,17,99
1,2,10,10
2,2,13,79
2,1,20,11
1,1,11,17
2,1,20,17
1,2,10,81
1,2,14,13
1,1,11,94
1,1,15,44
1,1,11,84
2,2,13,15
2,2,17,4
2,2,21,10
2,2,17,10
2,2,23,15
2,2,11,51
2,1,6,50
1,2,12,30
2,2,7,66
1,2,12,2
2,1,14,99
2,1,6,25
2,1,12,23
2,1,20,7
1,2,12,67
1,1,11,10
2,1,18,43
2,1,18,25
1,1,15,30
1,1,11,10
2,1,28,10
2,1,8,15
1,2,8,46
2,2,9,13
2,1,16,37
2,2,13,19
2,1,28,10
1,1,13,16
1,1,19,18
2,2,19,59
1,2,6,18
1,1,13,9
1,2,20,15
2,2,21,19
2,2,19,28
1,1,17,19
1,2,16,10
1,1,3,90
2,2,3,48
1,2,20,2
2,2,21,32
1,2,8,12
1,2,20,7
1,1,19,10
2,2,9,96
1,2,10,10
2,2,23,2
2,1,16,13
1,2,34,6
2,2,9,3
1,2,22,53
2,2,9,22
2,1,18,10
1,2,16,22
2,2,39,13
1,1,9,49
2,2,21,5
2,2,15,8
2,1,10,106
2,2,11,10
2,2,25,8
1,2,8,110
2,1,14,6
1,1,9,10
2,2,9,19
1,1,11,17
2,2,13,7
1,2,12,76
2,2,9,17
2,1,10,91
1,1,13,86
1,2,20,7
1,1,25,7
1,1,5,82
1,2,12,56
2,1,12,28
2,2,7,48
1,2,12,8
2,1,20,10
1,1,9,25
2,2,3,77
1,1,19,18
2,2,13,17
1,2,10,6
1,2,12,18
1,1,9,27
1,2,18,37
1,2,6,17
1,2,20,25
1,1,5,41
2,2,21,30
2,1,10,54
1,1,15,30
2,2,21,8
2,1,22,46
2,1,26,66
2,2,19,12
1,1,17,27
1,2,30,11
1,2,10,58
2,2,11,59
2,1,14,2
2,1,16,20
1,2,10,65
2,1,14,96
2,2,11,25
2,2,9,37
2,2,17,6
1,2,6,84
1,1,7,15
1,2,6,50
1,1,17,10
1,2,16,10
1,2,8,17
1,1,27,6
1,1,9,57
1,1,9,19
2,1,20,85
2,2,9,90
1,2,24,9
1,1,31,2
1,1,9,22
1,1,17,56
1,1,11,19
2,1,6,10
2,2,19,27
1,2,12,76
2,1,16,99
1,2,4,26
2,2,19,26
2,2,9,69
2,1,28,66
1,1,11,88
2,2,25,78
2,1,16,10
1,2,18,7
1,1,23,89
2,1,28,10
2,2,25,7
1,1,7,93
1,2,18,13
2,2,13,17
1,1,17,10
1,2,12,22
1,2,18,4
2,2,7,61
2,1,20,18
1,1,9,57
2,1,14,2
1,2,8,88
1,1,19,5
1,2,16,10
1,1,11,84
2,1,32,40
1,1,29,52
2,2,9,21
2,1,10,15
2,1,22,77
2,2,13,97
1,2,10,10
2,2,21,3
1,1,7,28
2,2,15,26
2,2,9,40
2,2,15,10
2,2,7,26
2,2,19,10
1,2,10,38
2,2,23,48
2,1,20,10
2,1,12,4
1,2,22,2
2,1,10,69
1,1,9,46
2,1,12,13
1,1,23,10
1,1,7,86
1,2,14,54
2,1,16,9
2,1,12,25
2,1,20,6
2,2,5,94
2,2,9,35
2,1,10,33
2,2,7,26
2,2,9,99
2,2,7,14
1,2,10,17
2,2,23,0
2,2,31,9
2,1,18,29
1,1,9,34
1,1,17,30
2,1,24,19
1,2,8,49
2,1,32,9
1,2,8,7
1,2,18,15
2,1,18,17
1,1,25,14
1,2,10,43
1,2,22,22
2,2,17,4
1,1,7,28
1,1,23,10
1,2,20,15
2,1,22,5
1,2,10,17
1,1,19,59
1,2,10,68
1,1,15,82
1,2,8,35
2,1,16,10
1,2,8,19
2,2,11,91
1,1,15,81
2,2,15,3
1,1,7,18
1,1,11,26
1,2,16,7
2,2,21,30
1,1,7,33
1,1,13,26
2,1,16,61
2,1,6,77
2,1,8,8
1,1,27,10
1,1,13,19
2,2,9,38
1,2,12,52
1,1,7,81
1,2,8,27
1,1,23,2
2,2,23,22
2,2,13,8
2,2,5,94
2,1,20,0
1,2,12,10
1,1,13,18
1,1,9,8
2,1,4,95
1,1,19,12
1,1,13,20
2,1,10,69
2,2,11,41
2,2,29,10
1,1,19,78
1,1,17,21
1,1,9,15
1,1,25,10
2,1,4,64
2,1,14,27
1,1,13,5
1,1,15,2
1,1,9,23
2,1,6,13
2,1,16,3
1,1,9,86
1,2,24,97
2,2,13,22
1,1,19,52
2,2,21,19
1,2,16,26
1,2,16,28
1,1,11,24
1,1,15,12
2,2,13,56
1,1,21,85
1,2,10,83
1,1,5,81
1,2,26,18
2,1,20,12
2,2,17,19
1,1,5,74
2,2,11,41
2,2,11,11
2,2,15,17
1,2,14,29
1,1,9,18
2,2,19,27
1,2,6,10
2,2,13,10
1,1,13,26
1,2,10,16
1,1,5,106
2,2,3,74
2,2,13,10
1,2,8,12
1,1,17,74
2,1,18,50
2,1,8,2
2,1,24,6
1,1,23,10
1,2,20,2
2,1,18,22
1,1,11,77
2,2,9,47
1,1,15,12
1,1,17,21
1,2,20,11
2,2,5,9
1,2,24,18
1,2,28,18
1,1,17,94
2,1,20,12
1,2,8,65
2,1,6,96
1,2,12,10
2,1,16,10
1,2,8,23
1,1,25,6
2,2,19,30
1,1,13,83
1,1,7,102
1,1,5,47
2,2,17,37
1,1,5,86
1,1,27,16
2,2,9,77
2,2,15,9
2,1,8,28
2,1,12,20
2,1,14,11
1,2,16,3
1,1,19,109
1,1,7,27
1,2,6,77
1,2,8,31
1,1,7,51
2,1,18,10
1,2,8,17
2,2,7,66
2,2,7,53
1,1,23,25
2,2,13,2
1,1,13,28
1,2,12,10
2,1,24,74
2,2,19,56
1,2,10,19
1,2,4,75
1,1,21,29
1,2,20,9
1,2,16,38
2,2,3,111
2,1,18,15
1,1,5,74
2,1,14,16
1,1,19,29
2,2,9,94
1,2,18,3
2,2,7,15
1,1,13,92
1,1,33,9
1,1,15,10
2,2,13,3
2,1,24,74
1,2,14,40
2,1,14,64
1,1,7,10
1,1,3,75
1,1,9,84
1,2,12,35
2,1,8,6
1,2,6,35
1,1,19,10
1,1,13,30
2,2,23,46
2,2,13,42
1,2,14,3
1,1,17,2
2,1,22,51
1,1,1,65
1,2,16,12
2,2,3,23
2,1,14,40
1,1,9,24
1,1,5,96
2,2,13,58
2,1,10,97
1,2,16,22
2,2,25,6
1,2,8,87
2,2,29,10
1,2,20,20
1,1,21,10
2,2,19,12
2,2,5,93
2,2,7,23
2,1,16,82
1,1,3,75
1,2,12,2
1,2,26,16
2,1,14,25
2,1,16,13
2,2,27,29
2,2,15,46
1,1,13,97
2,2,19,84
2,1,6,25
2,1,14,27
2,1,18,69
2,1,12,88
1,2,16,11
1,1,19,7
2,1,12,22
1,1,11,38
1,1,9,40
1,2,22,30
2,1,16,19
2,2,25,10
1,1,21,2
2,2,31,10
1,1,5,89
1,1,23,77
1,2,8,14
2,2,11,2
2,1,20,30
2,2,15,88
2,2,13,0
1,2,12,93
1,1,7,32
2,1,4,94
2,2,41,2
1,1,23,10
2,2,11,2
1,1,11,9
1,2,16,46
1,1,11,3
2,2,29,74
1,2,16,7
2,1,18,10
1,1,13,2
2,1,6,10
2,1,8,29
2,2,9,29
1,2,20,2
1,1,15,20
1,1,7,79
2,1,12,18
2,1,6,43
2,1,4,24
2,2,21,56
2,2,15,8
1,1,15,2
2,2,7,18
1,1,11,53
2,1,8,89
2,2,5,32
1,2,22,5
1,1,5,86
2,1,14,5
1,2,6,17
1,2,18,10
2,1,6,63
2,1,10,75
2,2,9,46
1,2,16,24
2,2,13,4
1,2,18,10
1,1,9,52
1,2,24,7
1,2,18,26
1,1,15,14
1,2,18,92
1,1,23,14
2,2,21,87
2,1,14,17
2,2,5,16
2,2,5,79
1,1,17,91
1,1,13,77
2,2,23,2
1,1,9,22
2,2,7,85
1,2,8,21
1,2,10,40
1,1,21,76
1,1,7,6
2,2,9,96
1,1,5,24
1,1,25,10
2,2,15,23
1,1,5,83
2,2,9,91
2,2,21,4
1,1,23,8
2,1,30,24
2,2,23,10
1,1,11,6
1,2,28,12
2,1,14,15
2,2,9,71
1,2,10,9
1,1,27,41
1,1,9,14
2,1,32,0
1,1,13,27
1,1,5,33
2,2,9,93
2,1,30,17
1,1,23,8
1,2,14,27
1,1,11,33
1,2,14,2
2,2,7,114
1,2,12,10
1,2,20,11
2,2,19,27
1,1,7,0
2,2,29,21
1,2,24,28
1,2,20,37
2,1,10,50
2,1,18,14
2,1,8,0
1,1,7,18
2,1,16,39
1,1,11,15
1,1,15,27
1,2,16,9
1,1,17,2
1,2,12,51
1,1,11,22
2,1,8,12
1,1,13,55
1,1,15,92
1,2,8,57
2,1,20,30
2,2,29,5
1,1,13,27
1,1,7,26
2,1,12,81
2,2,17,49
1,1,11,86
1,1,9,5
1,1,5,41
2,2,9,10
2,1,22,17
2,2,7,94
2,2,11,8
2,1,16,0
1,2,14,75
1,1,13,75
1,2,18,5
2,2,5,44
2,1,24,10
1,1,13,51
2,1,8,93
2,2,19,2
2,2,15,52
2,1,22,81
1,2,18,3
1,1,17,22
1,1,5,75
1,1,7,71
1,2,6,102
2,2,21,7
2,2,5,76
1,2,6,10
2,2,31,9
1,1,19,2
2,1,24,17
1,1,9,39
2,2,19,84
1,2,18,7
1,1,5,92
1,2,10,17
2,1,12,20
2,1,14,25
2,2,5,13
2,1,18,3
2,2,19,2
1,2,10,8
2,1,10,46
1,2,6,75
2,2,9,10
1,1,21,37
2,2,3,72
2,2,17,33
2,1,4,107
2,1,26,22
1,1,23,57
2,1,10,14
1,1,13,72
1,2,16,6
1,2,16,57
1,2,26,0
2,1,14,5
1,2,14,15
1,2,16,10
2,1,16,20
2,2,21,23
1,1,13,25
2,1,6,15
2,2,3,109
2,2,33,30
1,2,14,63
2,2,19,8
2,2,11,20
1,1,23,21
1,1,5,102
1,2,12,29
1,1,13,38
1,2,10,25
1,2,10,29
2,2,13,7
2,1,24,27
2,1,20,6
1,1,19,6
2,2,17,19
2,1,14,21
1,2,14,96
1,1,21,10
2,1,26,14
2,1,10,16
2,2,13,25
1,2,10,30
2,2,1,76
1,2,22,29
2,1,8,107
1,2,20,35
1,2,18,77
2,1,24,35
1,1,19,27
1,1,11,6
2,1,14,14
1,1,13,98
2,1,14,4
2,1,18,6
2,1,12,3
2,1,20,2
2,2,7,6
1,1,11,50
2,2,23,9
1,2,20,17
2,2,11,113
2,1,6,75
1,2,24,12
2,2,7,46
1,2,8,4
2,2,7,18
1,1,9,75
2,1,6,35
2,1,16,52
1,1,17,2
1,2,12,16
2,2,9,30
2,1,26,10
1,2,6,27
1,2,18,21
1,1,17,9
1,2,24,7
1,2,14,75
2,2,11,6
2,2,11,15
2,2,19,0
1,2,12,8
2,2,3,94
2,1,22,7
2,2,17,35
2,2,11,27
1,1,9,79
1,2,6,5
2,1,4,100
1,2,24,21
2,1,12,10
1,2,18,16
2,1,12,22
1,2,10,37
1,2,16,7
2,2,29,25
1,1,11,10
1,1,31,10
1,2,12,10
2,1,16,63
1,1,7,75
2,1,18,10
2,2,1,35
2,2,17,78
2,2,7,96
1,2,16,25
1,1,15,9
2,1,12,7
2,1,14,64
1,1,11,18
2,2,19,16
1,2,40,45
2,2,11,15
1,2,12,12
1,1,27,7
1,2,10,14
2,2,19,3
2,2,17,5
2,2,19,85
2,2,5,95
2,2,9,10
1,1,23,63
2,2,13,10
1,1,9,50
1,2,8,8
1,2,18,9
1,1,11,5
2,1,20,8
1,1,9,69
2,1,28,7
1,2,10,38
2,1,14,2
2,2,1,105
2,1,20,18
1,1,7,3
2,2,5,9
2,1,8,33
1,2,12,11
1,1,21,80
1,1,25,10
2,2,13,28
1,2,10,22
1,2,14,15
1,2,8,88
1,1,25,5
2,1,20,12
2,1,22,75
1,1,15,20
1,2,4,71
1,1,19,4
1,2,8,76
1,2,38,5
1,1,5,95
2,2,21,11
1,2,20,14
1,2,14,8
1,2,10,38
1,2,8,24
1,2,16,82
2,1,6,17
1,2,12,15
1,1,5,87
1,1,5,80
1,2,30,5
2,1,16,3
1,2,14,35
1,1,9,87
1,1,17,6
1,2,8,67
2,2,9,105
1,2,28,13
1,2,12,10
1,2,22,7
2,1,22,2
2,2,15,29
2,2,11,40
1,1,7,41
1,1,15,3
2,1,30,71
2,1,22,19
2,2,21,14
2,2,5,58
1,2,8,13
1,1,3,75
1,1,15,3
2,2,7,15
2,2,17,8
1,1,19,10
1,1,7,73
2,2,13,26
1,2,10,20
1,2,20,15
1,1,5,51
1,2,16,10
1,1,9,41
1,1,13,39
2,1,2,103
2,1,28,16
2,1,16,53
1,1,15,9
1,2,14,11
1,1,13,34
1,1,5,26
2,1,4,92
2,1,6,104
1,2,10,29
1,2,18,22
1,2,22,64
2,2,19,6
2,2,19,13
1,1,27,22
1,1,15,37
2,2,15,23
1,1,13,2
1,1,31,2
1,2,14,24
2,1,14,71
2,1,10,3
2,1,12,63
1,1,17,19
2,2,7,35
1,1,7,22
1,2,8,37
1,1,3,79
2,2,19,10
1,1,15,9
1,1,23,9
2,2,23,50
1,1,13,22
1,1,11,20
1,2,10,36
1,2,20,34
1,1,27,10
1,2,8,23
2,2,19,8
2,1,16,14
2,2,9,40
2,1,14,19
2,1,2,100
2,1,22,103
2,2,11,35
2,1,8,76
2,1,6,77
1,1,17,15
1,1,9,88
2,1,20,14
2,1,8,28
2,2,9,66
2,1,12,4
2,1,10,9
2,1,10,59
2,2,13,11
2,1,16,21
2,2,35,5
1,2,18,13
1,1,21,36
2,1,20,57
1,2,22,30
1,2,18,89
1,1,17,5
1,2,12,36
2,2,7,49
1,2,10,10
2,1,24,21
1,2,34,2
1,2,16,58
1,1,11,27
2,1,10,89
2,1,18,19
1,2,18,23
1,2,26,12
1,1,11,15
2,1,12,30
1,1,5,50
1,2,16,85
1,1,13,3
2,2,11,2
1,2,2,94
2,1,6,41
2,2,3,103
1,1,15,18
2,2,23,2
2,1,20,5
2,1,12,61
1,2,8,87
1,1,3,22
1,2,12,81
1,1,25,10
2,2,17,91
1,2,20,88
2,1,8,19
1,2,16,28
2,1,6,10
1,1,17,10
2,2,11,45
2,2,11,6
1,1,25,61
2,1,12,76
1,1,7,10
2,2,19,3
1,1,11,10
2,1,18,98
2,2,17,46
2,2,9,8
1,1,21,4
1,2,4,67
2,1,20,10
1,2,16,7
2,1,20,16
2,1,14,33
2,2,11,47
1,1,9,37
2,2,7,98
1,1,29,11
1,1,9,15
1,1,13,23
2,1,22,2
2,2,15,22
1,1,9,0
2,1,4,38
2,1,26,10
1,2,26,40
2,2,17,10
1,2,16,19
1,2,8,75
1,2,24,2
2,1,4,23
1,1,25,14
1,1,9,88
1,2,12,16
2,2,17,5
1,1,9,17
2,1,6,0
2,1,18,12
1,2,16,86
1,2,16,50
2,2,17,30
2,1,20,10
2,2,9,79
2,2,11,20
2,1,8,27
1,2,12,13
2,2,17,34
1,2,10,51
1,2,4,14
1,1,17,7
1,2,6,45
2,1,18,10
2,2,29,30
1,1,11,87
1,2,16,42
1,1,15,75
1,2,20,62
2,2,9,36
1,1,15,9
2,2,7,13
1,1,7,89
1,1,17,85
2,1,10,80
2,2,13,90
2,2,7,48
2,2,5,19
2,1,8,69
1,2,8,56
2,1,12,12
2,2,15,61
2,2,13,89
1,1,21,2
1,2,12,12
1,2,6,23
2,2,15,40
1,2,20,22
2,2,9,51
1,1,15,24
1,1,15,109
2,1,16,94
2,1,12,23
2,2,23,6
1,1,11,83
2,1,22,8
1,1,23,87
1,1,7,91
1,1,3,83
1,1,5,82
1,2,18,10
2,2,11,100
2,1,24,22
1,1,9,28
1,2,10,22
2,2,13,27
2,2,19,12
2,1,14,39
2,2,19,10
1,1,3,5
2,1,18,9
1,1,3,77
1,1,5,30
2,1,22,52
1,1,11,36
1,1,9,53
2,2,11,2
1,2,14,26
1,2,18,5
1,1,21,2
2,1,10,33
1,2,32,9
1,1,13,15
1,2,18,13
1,1,17,5
1,1,3,58
2,2,13,6
2,2,11,17
2,2,23,29
1,2,8,84
1,1,27,19
1,2,14,70
1,1,13,30
2,1,4,28
2,2,21,29
1,2,14,88
1,2,14,5
1,1,15,63
1,1,27,11
1,2,12,74
2,1,14,26
1,2,24,10
2,2,5,8
1,1,25,10
2,2,7,60
1,1,11,66
1,1,17,2
1,1,9,49
2,2,15,16
1,1,17,27
1,2,22,23
1,2,18,16
1,2,20,2
1,1,9,15
2,1,10,83
2,1,16,24
2,2,23,11
2,1,16,26
1,2,24,30
1,2,8,44
1,1,3,101
1,1,13,14
1,2,18,21
2,2,5,43
2,2,23,19
2,2,11,15
1,2,10,15
2,1,12,8
2,1,28,10
1,1,21,62
1,2,12,29
1,1,5,52
2,2,13,24
1,1,33,5
1,1,17,5
2,1,22,4
2,2,21,8
2,2,11,54
1,1,5,18
1,1,21,18
2,2,19,27
1,2,22,25
1,2,10,10
1,1,11,4
2,1,12,44
2,2,25,10
2,2,21,2
1,2,10,21
2,2,19,16
2,1,18,6
2,2,21,21
1,2,12,15
2,1,18,2
1,1,19,10
2,2,7,98
1,1,5,27
1,2,10,6
2,1,22,28
1,1,3,68
1,1,27,13
2,1,12,49
1,1,9,54
1,1,25,61
2,2,11,67
2,2,23,9
2,2,27,10
1,1,19,15
1,1,17,27
2,1,6,79
1,1,21,10
1,1,7,97
2,1,10,23
1,2,10,16
1,2,8,74
1,1,21,5
1,1,13,10
2,2,7,10
1,2,10,89
1,2,6,101
2,2,19,23
1,2,14,9
1,2,12,3
2,1,16,14
1,1,15,20
2,2,5,107
2,2,9,55
1,1,33,3
2,2,5,53
1,2,20,18
2,2,13,27
1,1,11,66
2,2,9,20
2,2,15,16
1,2,6,19
2,2,19,10
1,2,18,10
1,1,27,10
1,1,11,20
2,2,19,2
1,1,11,111
2,1,24,0
2,2,15,58
1,1,13,102
2,1,18,10
1,1,7,42
2,1,12,39
1,2,14,88
1,2,22,57
2,2,25,42
1,1,17,15
2,1,32,10
2,1,14,35
2,2,23,10
2,2,21,57
1,2,14,30
1,1,11,2
2,1,14,15
2,2,31,25
1,1,19,8
1,1,5,88
2,2,13,97
1,1,19,44
2,2,9,75
1,1,17,12
1,1,9,89
2,1,14,33
2,2,13,79
1,1,9,2
1,1,15,3
2,2,19,5
2,2,7,92
2,2,31,4
1,2,10,15
1,2,10,2
1,2,20,53
2,1,6,112
2,1,10,0
2,2,17,10
2,2,19,18
1,2,12,29
1,2,10,3
2,2,9,27
2,2,17,18
1,1,19,11
2,2,17,22
1,1,21,3
2,2,5,21
2,1,16,5
1,2,16,72
2,2,23,9
1,2,4,96
1,2,10,12
1,1,21,15
2,2,9,58
1,1,21,27
1,1,9,51
2,2,21,19
2,2,21,23
2,1,18,21
2,2,9,50
1,2,22,14
1,2,22,10
1,1,9,70
1,2,8,7
2,1,10,58
2,1,22,16
1,1,7,44
1,2,12,82
1,2,20,5
1,2,8,16
1,1,7,81
2,1,20,0
1,1,25,10
2,1,14,30
1,1,7,92
2,2,9,88
2,2,7,12
2,1,18,12
2,2,15,75
1,1,5,78
1,1,11,4
1,2,18,2
1,1,5,85
2,1,8,35
2,2,23,9
2,2,5,96
2,2,11,19
2,2,1,79
2,1,10,33
2,2,23,10
1,1,9,34
1,1,15,22
2,1,8,22
1,1,3,23
1,1,11,88
2,1,14,83
2,1,14,12
2,2,13,20
1,2,8,35
1,1,23,13
1,2,12,5
2,2,23,4
1,2,8,35
2,2,3,92
2,2,5,13
2,1,2,84
2,2,5,99
1,2,8,19
2,1,2,87
1,2,30,10
2,2,17,17
1,2,18,21
1,1,7,83
1,2,14,22
1,1,11,21
2,1,14,64
2,2,25,29
2,1,16,74
1,1,9,29
2,1,28,5
2,2,23,24
1,1,7,84
2,2,3,28
2,2,25,10
2,2,15,16
1,1,11,91
1,1,17,2
2,1,18,8
1,2,12,30
2,2,1,114
2,2,7,24
2,2,15,14
2,1,8,3
2,2,19,9
2,2,19,100
1,2,10,38
2,1,8,58
1,2,10,22
2,2,13,2
1,2,14,23
1,1,13,10
1,1,19,12
2,2,25,10
1,1,15,78
1,2,16,97
1,1,13,6
1,2,6,87
1,1,9,63
2,2,19,2
2,2,9,3
1,1,11,24
1,2,10,35
1,2,18,15
1,1,5,29
2,1,4,73
2,2,9,25
2,2,9,10
2,2,17,22
1,2,12,108
1,1,7,11
2,2,3,87
1,2,16,97
2,1,14,17
2,2,23,89
2,1,28,7
2,1,6,26
2,1,10,4
2,1,10,28
2,1,2,72
2,2,7,30
1,2,4,17
2,2,5,29
1,1,9,18
2,2,13,10
2,1,20,51
2,1,20,30
2,1,16,50
1,1,5,97
2,2,9,55
1,1,19,78
1,2,16,7
1,1,31,2
2,2,17,38
2,2,13,83
2,2,11,46
2,2,17,22
2,1,4,103
2,2,11,22
1,2,14,75
2,2,23,2
2,2,5,96
1,2,10,25
1,2,34,4
1,2,18,9
2,1,8,84
1,2,16,2
1,1,3,84
2,1,8,77
2,2,15,91
2,2,19,4
2,2,13,16
2,1,26,46
1,2,16,6
2,1,12,18
2,1,26,10
1,1,9,14
2,1,10,37
2,1,34,71
2,2,13,40
2,2,25,6
1,1,7,29
2,2,25,4
2,1,16,26
1,1,19,20
2,1,10,11
2,2,37,10
2,2,9,117
2,1,18,14
2,2,19,29
2,1,16,22
2,1,14,24
1,2,12,51
1,1,21,7
1,1,19,13
1,1,23,24
2,1,24,4
1,2,2,85
1,1,9,26
2,1,6,75
1,2,20,63
2,2,7,73
2,2,17,7
1,2,12,20
1,1,15,78
1,2,20,8
1,2,16,92
1,1,21,55
2,1,18,10
1,2,8,31
1,1,1,94
1,2,8,41
2,1,12,34
1,1,3,34
1,1,33,78
2,1,16,13
1,1,25,22
2,2,27,26
1,1,5,33
2,1,18,10
1,2,14,4
1,2,8,88
2,1,10,91
2,2,7,92
1,2,24,24
1,2,24,11
2,2,9,82
1,1,17,22
2,1,20,7
1,2,18,10
1,2,8,31
2,1,4,92
2,1,6,107
2,1,10,18
1,2,16,20
2,2,9,17
1,1,19,13
2,1,14,103
1,1,11,4
2,1,28,20
2,1,24,27
1,2,10,61
1,1,13,13
2,2,15,97
2,2,17,10
1,2,20,11
1,1,23,45
2,1,4,52
2,1,16,60
1,1,11,81
1,1,25,12
2,2,11,11
1,2,12,43
1,1,21,2
1,1,29,10
1,2,16,45
2,1,12,78
2,2,9,2
2,1,12,22
2,1,4,100
1,1,15,10
1,2,20,4
1,1,19,11
2,2,7,62
1,1,13,90
2,1,22,9
2,1,12,19
1,1,7,5
1,1,13,19
2,2,17,47
1,1,13,19
1,1,13,26
1,2,4,10
2,1,20,69
1,1,5,83
2,1,28,23
1,2,20,68
2,1,26,90
2,1,20,10
2,2,7,41
1,1,23,21
2,1,22,30
2,1,20,10
2,1,26,6
2,1,20,9
2,1,10,35
1,2,20,10
1,2,8,75
1,2,10,49
1,1,21,25
1,1,21,7
2,1,16,54
2,1,12,3
2,2,9,78
1,1,23,10
2,2,19,94
1,2,18,2
1,1,17,21
1,2,16,76
2,1,10,67
1,1,27,22
1,1,11,48
1,1,39,16
1,1,3,86
1,2,12,38
2,2,21,5
1,2,32,8
1,1,17,9
1,2,8,91
1,2,6,42
2,1,6,31
2,1,28,69
2,2,3,80
1,2,10,83
2,1,20,23
1,1,15,37
2,1,20,81
1,2,22,6
1,2,14,40
2,2,15,7
1,1,7,15
1,1,11,10
2,2,11,23
2,2,11,17
2,2,3,85
2,2,23,3
1,1,9,51
1,1,19,68
1,1,11,78
1,1,13,22
2,1,22,31
1,2,18,25
1,1,13,33
2,2,15,2
1,1,13,26
2,2,19,21
1,1,11,95
1,2,16,22
2,2,13,10
1,2,24,2
1,1,9,75
2,1,16,30
2,2,15,22
2,2,7,28
1,1,15,23
1,2,24,4
1,1,5,82
2,2,17,10
1,1,3,99
1,1,11,45
1,1,15,78
2,1,22,18
2,2,11,37
2,2,15,14
1,1,7,48
1,1,15,4
2,1,14,13
1,1,15,21
1,1,5,93
1,2,12,29
1,1,13,73
2,2,15,12
1,1,11,104
2,2,15,14
2,2,9,60
1,1,13,62
1,1,7,13
2,2,17,9
1,2,18,10
2,2,7,36
1,1,11,10
1,2,18,19
1,2,10,114
1,2,6,25
1,1,9,24
2,1,10,10
2,1,6,29
2,2,5,3
1,1,9,20
1,1,5,81
2,2,29,10
2,1,10,72
2,2,13,0
1,2,20,2
2,2,13,32
1,2,4,7
2,2,17,44
2,1,34,10
2,1,16,10
1,1,13,78
2,2,9,96
2,1,30,8
1,1,13,10
2,2,9,19
2,1,18,20
1,2,12,81
1,2,16,14
1,2,44,11
2,2,15,90
1,2,30,60
1,2,2,40
2,2,9,87
1,1,13,34
2,1,28,10
1,2,16,76
1,2,10,14
1,1,11,2
2,2,7,17
1,2,12,0
2,2,13,6
1,1,9,10
2,1,14,30
1,1,5,7
2,2,19,0
2,1,14,90
1,2,14,27
1,1,7,19
2,1,4,14
1,1,23,9
2,1,6,64
2,2,15,13
2,1,20,5
2,2,19,85
2,1,18,19
2,1,8,44
1,1,23,20
1,1,15,4
2,2,17,33
2,2,13,8
2,1,10,14
1,2,14,17
2,2,23,73
1,1,5,37
2,2,7,20
1,2,10,34
2,1,18,64
2,1,2,55
1,1,19,47
2,1,6,75
1,2,8,32
2,1,26,10
1,2,12,29
2,2,27,2
2,2,19,8
2,1,14,40
2,1,8,50
2,2,15,111
1,1,27,10
2,1,8,81
1,2,26,10
2,2,7,97
1,2,12,16
1,1,19,96
2,1,20,10
2,1,6,40
1,1,25,10
1,1,11,108
2,2,13,49
2,2,17,44
1,1,1,96
1,2,6,69
1,1,5,96
2,1,10,96
1,2,12,84
1,1,9,47
1,1,25,10
1,2,20,19
2,2,17,9
1,2,16,25
2,2,11,91
2,1,8,48
2,1,12,17
1,2,10,13
2,2,19,87
1,2,18,64
1,2,26,102
2,1,12,20
2,1,10,114
1,1,23,10
1,2,10,5
2,1,14,73
1,1,9,17
1,1,17,17
2,2,15,44
1,1,19,113
2,1,14,43
1,1,23,2
2,1,24,10
1,2,18,19
1,1,15,65
2,2,3,75
1,1,5,50
1,1,23,18
1,1,11,14
1,1,7,44
2,1,14,61
2,1,8,32
2,2,11,20
2,2,25,10
1,2,12,22
2,1,22,3
2,1,26,19
1,2,18,25
2,2,5,85
1,2,20,2
1,1,7,28
1,2,6,9
1,2,18,22
2,2,13,111
1,2,18,29
2,2,15,9
2,2,13,16
2,2,15,13
2,2,3,71
1,1,17,0
2,1,12,5
1,1,13,2
2,2,17,100
1,1,19,8
2,1,22,10
2,1,12,21
2,2,15,101
2,2,11,20
2,2,25,95
1,1,13,22
2,2,25,11
2,1,24,10
1,2,12,34
1,2,14,13
2,1,18,17
1,1,9,85
1,2,24,9
2,2,13,76
2,1,10,47
1,2,14,16
1,2,14,21
1,1,13,23
1,2,10,49
1,2,14,52
1,1,1,103
1,1,7,86
2,1,28,60
2,2,19,0
1,2,12,5
1,1,19,27
2,2,9,16
2,1,12,23
2,1,14,23
1,1,7,21
2,2,9,30
1,2,6,70
2,2,7,93
1,1,19,19
1,1,19,48
1,1,21,10
1,2,10,16
2,1,14,10
2,2,19,38
1,2,24,84
2,1,10,10
2,1,20,4
1,1,3,29
1,1,9,2
1,1,11,10
1,2,10,13
2,2,13,86
1,1,13,30
1,1,21,10
2,1,8,2
1,1,7,78
1,1,25,24
2,1,26,13
1,2,30,20
1,1,13,21
2,1,12,74
1,1,7,32
1,1,31,9
1,2,28,10
2,2,21,8
2,1,12,5
2,1,18,10
2,1,14,11
1,2,6,87
2,1,26,10
1,1,7,14
2,1,4,2
1,2,2,21
1,2,14,30
2,2,17,20
1,2,22,37
1,1,7,95
1,1,17,13
1,1,19,10
2,2,3,51
2,2,11,0
2,2,23,9
2,1,12,5
1,1,5,29
1,1,25,10
2,1,16,25
1,1,17,39
2,2,9,95
1,1,11,33
1,1,5,88
2,2,21,10
1,2,2,57
2,2,13,38
1,2,12,70
2,2,11,13
2,1,8,3
2,2,9,5
2,2,23,19
2,1,10,2
2,1,10,73
1,1,23,10
2,1,18,10
2,1,14,13
2,2,35,10
1,2,4,72
1,2,12,66
1,2,10,29
2,1,18,94
1,1,11,24
2,1,16,5
1,2,12,4
2,2,19,6
1,1,13,30
2,1,16,0
2,2,13,10
1,1,19,34
2,2,9,18
2,1,8,29
1,2,12,0
1,2,14,17
2,2,5,82
2,1,16,30
1,1,21,45
1,2,12,27
2,1,14,40
1,1,11,56
1,1,17,9
2,2,15,22
2,2,7,90
1,2,16,13
1,2,6,10
2,2,15,4
2,1,22,24
2,1,26,12
1,1,11,6
1,2,14,39
2,2,1,52
1,1,7,8
1,1,19,13
2,1,16,3
2,1,12,19
1,1,15,9
1,1,13,7
2,1,30,84
1,2,30,6
1,1,11,8
1,2,18,13
2,2,11,20
2,2,17,81
1,1,5,36
1,2,16,63
1,1,19,21
1,1,11,116
2,1,8,47
2,2,7,39
1,2,14,3
1,1,11,29
1,1,3,85
2,2,15,15
2,2,21,25
2,2,9,71
1,1,9,72
2,1,22,17
1,1,23,16
1,1,21,2
1,1,11,38
2,1,20,0
2,1,16,47
1,1,17,15
2,2,27,3
2,2,25,12
2,2,11,28
1,2,18,24
2,2,13,18
1,1,13,24
1,1,11,13
2,2,29,3
2,2,13,10
1,1,5,98
1,1,19,2
1,2,40,22
1,1,17,6
1,1,9,77
1,2,26,15
1,2,20,16
2,2,13,31
2,2,11,44
1,1,21,29
2,2,7,80
1,1,11,101
2,1,10,78
1,2,26,10
1,1,7,92
1,2,12,19
1,1,17,16
1,1,13,6
1,1,17,10
2,1,10,6
2,2,25,10
1,1,13,81
2,2,11,43
2,2,9,46
1,2,10,23
1,2,12,65
2,2,13,76
1,2,10,69
1,1,15,73
2,1,8,29
1,2,32,3
1,2,6,21
2,2,23,7
2,2,19,4
2,2,9,78
1,2,28,10
1,1,19,6
2,1,24,2
1,1,17,15
1,1,19,5
2,1,14,32
1,1,23,10
1,2,22,2
1,1,13,42
1,2,14,23
1,1,7,20
1,2,8,57
1,1,3,84
1,2,14,4
2,2,15,16
2,2,5,96
1,2,6,61
1,2,4,93
2,1,8,43
2,1,26,10
2,2,3,110
2,1,26,0
2,1,12,17
2,2,27,25
1,1,9,24
1,2,14,9
2,2,3,97
1,2,22,54
1,1,25,72
1,2,8,19
2,1,8,40
1,2,26,16
2,2,23,3
2,1,10,2
1,2,12,21
2,1,20,3
2,2,15,10
2,2,37,56
1,2,10,102
2,2,19,27
2,1,12,84
2,2,27,72
2,2,5,29
1,2,30,15
1,1,13,17
2,2,13,82
2,2,21,29
1,1,17,60
1,1,11,10
1,2,8,2
1,1,11,19
1,2,8,26
2,1,22,95
1,1,5,31
2,2,9,96
2,1,22,10
1,2,16,20
1,2,6,105
1,1,5,33
2,2,11,10
1,2,8,99
2,1,14,82
2,2,15,26
1,1,25,2
1,2,12,72
1,2,8,87
2,2,3,13
1,2,8,64
1,1,19,10
1,2,14,4
2,2,7,94
2,2,7,33
2,2,11,117
2,2,25,54
2,1,20,22
1,1,13,4
2,2,23,0
2,2,17,0
2,1,10,31
1,2,2,81
1,2,12,14
1,1,27,10
1,1,15,11
2,1,6,69
2,2,7,18
1,2,34,10
2,1,16,23
2,1,12,102
1,1,7,29
1,1,15,6
1,2,12,3
1,1,11,87
2,2,7,17
1,1,5,55
2,1,16,9
2,1,8,39
2,2,17,34
1,1,19,2
2,1,18,28
2,2,29,20
2,2,11,23
1,1,5,60
2,2,13,3
2,1,8,18
1,1,29,2
1,1,13,54
1,2,10,11
2,1,6,10
1,1,7,23
2,1,6,38
1,2,12,81
2,2,13,10
1,1,7,10
2,2,15,87
2,1,8,84
1,1,15,19
1,1,9,66
1,1,19,23
2,1,12,82
2,2,9,18
1,2,8,54
1,2,6,73
1,1,9,12
1,1,13,64
2,2,17,97
1,1,9,50
2,2,11,54
1,2,16,80
2,1,10,17
2,2,3,83
2,1,18,23
2,2,15,97
1,1,15,83
2,2,27,10
1,1,11,69
2,2,21,75
1,1,9,73
1,1,17,15
1,2,14,26
2,1,28,12
2,2,15,81
2,2,9,50
2,2,13,10
2,1,14,14
2,1,30,10
1,1,13,10
2,1,14,18
2,2,7,24
1,2,4,71
2,2,15,15
2,2,9,21
1,1,35,52
2,2,7,103
2,2,17,24
1,1,7,94
2,1,16,51
1,1,15,40
2,1,18,24
2,2,5,79
2,2,9,68
2,1,10,66
1,1,23,0
2,2,19,5
2,1,16,12
1,2,8,13
2,1,14,30
2,2,25,10
2,2,5,95
2,2,17,77
1,1,27,2
1,1,13,83
1,1,13,10
1,2,14,9
2,1,8,54
2,1,10,19
1,1,9,26
1,2,10,17
1,1,19,23
1,1,21,2
2,1,12,19
1,1,7,23
2,2,21,10
1,2,2,75
1,1,15,2
2,2,9,69
2,1,30,79
2,2,17,4
2,1,24,30
1,2,14,43
2,2,7,74
2,1,8,51
1,1,17,41
1,1,21,24
1,1,9,78
2,1,6,90
2,2,7,78
2,2,17,9
1,2,28,16
2,1,8,24
1,1,17,11
2,2,15,23
2,2,7,75
2,2,13,15
2,1,24,20
2,1,16,19
1,2,8,16
2,2,17,2
1,2,6,33
1,2,24,16
1,2,8,65
2,1,4,41
1,2,18,4
1,1,33,4
1,1,35,9
2,2,23,0
1,1,19,18
2,2,9,21
2,2,21,8
2,2,13,23
1,2,4,83
1,1,13,30
2,1,30,36
1,2,18,2
2,1,20,51
2,2,11,42
1,1,7,84
1,2,18,3
2,1,22,4
2,2,23,34
1,2,4,76
2,2,5,105
2,1,6,70
1,1,5,39
1,1,9,95
1,2,14,6
2,2,25,69
1,1,3,30
2,1,10,91
2,1,12,95
2,1,16,8
1,2,10,30
2,2,13,12
1,2,12,84
2,1,12,62
1,2,6,35
2,2,13,66
2,2,9,67
2,1,8,17
1,1,11,72
2,1,18,9
2,2,13,103
2,1,12,6
2,2,3,20
2,1,22,10
2,2,9,10
1,1,19,21
1,1,13,78
1,2,6,30
1,2,16,24
1,1,11,103
1,2,16,12
1,1,19,9
2,1,10,18
1,1,7,25
2,1,20,51
1,1,11,71
1,1,17,19
1,1,11,23
2,2,3,68
1,1,7,47
2,2,1,27
2,1,26,69
1,2,22,11
1,1,11,7
1,2,24,9
1,1,19,63
2,1,4,13
2,2,5,89
2,2,11,89
1,1,15,10
1,1,17,18
2,1,16,7
2,1,22,10
1,2,20,22
2,2,21,48
1,2,26,15
2,1,12,10
1,1,19,73
1,1,15,61
2,2,31,4
1,2,10,31
2,2,17,25
2,1,16,37
1,2,8,22
1,2,28,88
2,2,25,68
1,2,12,19
2,2,17,13
1,1,25,18
1,2,16,90
1,2,20,26
1,2,26,40
1,1,21,10
1,1,19,3
1,2,28,2
1,1,13,2
2,2,3,62
1,1,5,23
2,1,14,67
1,1,3,70
2,1,12,21
2,2,7,84
2,2,15,80
1,2,20,25
1,2,16,10
2,1,8,11
2,1,24,24
2,2,11,2
1,2,6,27
2,1,10,19
2,2,13,19
1,2,30,14
1,1,15,19
1,2,22,75
1,2,12,88
2,1,8,24
1,1,13,12
1,1,9,97
2,2,7,99
1,2,6,27
1,2,26,10
1,1,11,35
1,1,9,32
1,1,13,88
2,2,13,15
1,1,29,16
1,2,22,10
2,2,25,7
1,1,11,46
1,2,10,11
1,1,19,65
1,2,10,41
1,2,14,48
1,2,16,10
2,2,11,20
2,2,3,30
1,2,16,19
2,1,22,4
2,2,13,10
2,2,9,73
1,2,10,40
2,2,19,22
1,2,4,93
2,2,9,89
2,2,13,80
2,2,25,86
2,2,11,9
2,2,11,60
1,2,6,82
2,1,2,73
1,2,6,74
2,2,7,19
1,2,22,13
1,1,11,26
1,1,11,28
2,2,11,7
2,1,12,86
1,2,24,16
1,1,15,84
1,1,9,8
1,1,19,14
1,2,18,9
2,2,15,43
1,2,16,83
2,2,1,91
1,1,21,59
2,2,21,10
1,1,11,23
2,1,6,29
1,1,9,64
2,2,11,16
2,2,15,19
2,2,21,2
2,1,12,70
2,2,15,60
2,1,16,52
1,1,25,45
2,1,20,38
1,1,7,91
2,2,11,22
1,1,13,10
2,2,11,10
1,2,6,88
1,1,7,76
2,2,29,59
2,1,16,17
1,1,11,97
1,1,19,19
1,1,5,40
1,2,8,32
1,1,15,10
1,2,12,36
1,1,11,4
1,1,19,19
2,2,27,29
1,1,19,25
2,1,14,19
2,2,9,70
1,1,13,75
1,2,16,15
2,2,25,9
1,2,14,83
1,2,16,6
1,2,14,33
1,2,16,26
2,1,28,84
1,1,13,2
1,2,8,89
1,2,6,110
1,2,14,3
1,1,5,20
2,1,14,2
2,2,21,10
2,2,23,43
1,1,9,39
1,1,3,43
1,1,9,80
2,1,12,14
2,2,7,71
1,1,21,10
2,2,9,53
2,1,10,71
2,2,5,86
2,2,11,27
1,2,12,20
1,2,10,22
2,2,13,40
1,2,12,4
1,2,16,67
1,1,3,90
1,1,23,49
1,1,23,8
2,2,19,5
1,1,9,7
1,2,10,9
1,1,15,35
2,2,7,63
2,1,14,14
2,2,15,77
2,1,6,46
1,2,14,79
2,2,15,31
2,1,12,69
2,2,5,74
2,1,6,7
1,2,14,81
2,2,17,79
1,1,17,45
2,1,20,88
1,1,13,3
2,2,11,82
2,1,4,71
1,1,21,19
2,1,20,20
1,1,13,15
1,2,20,10
1,1,13,93
1,1,7,81
2,1,10,54
2,1,14,25
2,2,9,43
1,1,11,34
1,2,6,53
1,2,10,88
2,2,29,8
2,1,14,10
2,2,9,22
1,2,10,23
2,1,12,10
2,1,24,0
2,2,15,27
1,2,18,31
2,1,22,37
2,1,12,22
1,1,3,11
2,2,7,24
1,1,23,14
1,2,10,10
1,1,17,74
1,1,7,18
1,2,8,23
1,2,14,30
2,2,19,3
1,2,14,13
2,2,9,36
1,1,21,18
2,2,15,20
1,2,18,20
1,2,16,0
1,1,5,61
1,1,7,26
1,1,17,21
1,2,26,16
2,2,7,67
1,1,35,40
1,2,14,82
2,1,14,11
1,1,9,20
1,1,15,14
1,1,13,7
2,1,20,15
2,1,24,8
1,2,4,88
1,1,9,91
1,2,18,2
1,1,11,57
1,1,13,90
1,1,5,100
1,2,14,10
1,2,10,101
2,2,5,67
2,2,3,105
1,1,27,58
2,1,6,10
1,1,17,28
2,2,17,32
1,1,25,21
1,1,9,25
2,1,14,17
1,1,13,91
2,2,13,19
2,2,13,17
1,2,18,10
1,2,12,13
2,2,5,58
1,1,5,56
2,1,14,30
2,2,15,49
2,2,19,43
1,1,9,16
1,1,5,16
2,1,10,20
1,1,15,7
1,2,12,7
1,1,13,84
1,1,17,76
2,2,15,18
2,1,8,47
1,2,12,92
2,2,17,26
1,2,20,6
1,1,21,6
2,1,14,10
1,2,10,62
2,2,9,48
1,2,20,25
1,2,20,70
1,1,7,93
1,1,11,37
2,1,12,100
1,2,6,77
1,1,15,82
1,1,13,32
1,2,14,13
1,1,19,14
2,1,6,90
2,1,18,81
1,1,27,29
2,2,19,0
1,1,15,13
1,2,10,65
1,2,20,80
1,1,7,10
1,1,9,28
1,2,14,24
2,2,17,13
2,1,10,106
2,1,18,7
2,1,14,28
1,1,11,16
1,1,13,103
2,2,7,36
1,1,15,28
1,1,13,10
1,1,17,20
2,2,27,10
2,2,21,10
1,2,22,74
1,2,36,2
1,1,25,8
1,2,18,58
1,1,7,15
2,2,13,13
2,2,9,26
2,1,10,27
1,2,18,10
2,2,13,10
1,2,10,42
2,2,13,43
2,2,33,10
1,2,18,15
1,2,16,64
2,2,15,8
1,1,15,52
1,1,15,16
2,2,29,7
2,1,10,76
1,2,2,75
2,2,11,43
2,2,7,43
1,1,19,15
2,2,1,95
1,1,7,30
1,2,16,52
2,2,9,17
2,1,16,34
1,2,12,4
1,1,9,76
2,2,17,3
2,2,3,15
2,1,4,88
2,2,17,80
1,2,18,28
2,2,21,28
2,1,22,86
1,1,13,10
1,1,9,42
2,1,10,15
1,2,18,25
1,2,16,59
2,1,4,25
2,1,12,106
2,1,10,18
2,1,6,87
1,2,6,39
2,2,11,82
1,1,11,33
1,2,16,63
1,1,9,25
2,1,16,3
1,1,11,19
2,2,7,36
1,1,13,26
1,1,13,7
2,1,28,2
1,2,12,46
2,2,7,89
1,2,10,82
2,2,5,87
2,2,19,7
2,2,13,10
1,1,5,27
1,2,6,42
1,1,15,7
1,2,8,58
2,1,12,23
2,2,13,10
2,2,23,10
2,2,13,25
1,1,3,64
1,1,17,5
1,1,13,21
2,1,18,9
2,2,7,71
1,1,23,19
1,1,19,60
1,2,18,14
1,2,10,92
1,2,12,3
1,1,13,21
1,2,18,83
1,2,12,12
1,1,23,51
2,2,17,93
1,2,6,10
2,2,7,90
1,2,14,33
1,2,10,87
1,2,30,8
1,2,18,24
2,2,13,22
2,2,21,89
1,2,22,8
1,1,29,25
1,1,19,10
1,2,14,24
2,1,6,71
2,1,22,32
2,2,7,89
1,2,4,80
1,1,15,25
2,1,12,3
1,1,13,105
1,2,28,3
2,1,8,70
2,1,30,10
2,1,14,22
2,1,16,41
2,2,13,78
2,2,19,17
2,1,26,10
1,2,8,15
2,2,1,86
2,2,13,56
2,1,24,0
1,2,12,47
2,1,8,37
2,2,11,23
1,2,28,12
1,2,18,94
2,1,12,86
1,1,17,25
1,1,13,17
2,2,3,60
1,1,13,22
1,2,18,23
2,2,13,16
1,2,22,72
2,2,25,10
2,1,10,63
2,1,24,3
2,1,8,83
2,2,11,53
1,2,14,16
1,2,18,81
1,1,13,31
1,2,18,14
1,1,25,3
2,2,11,24
2,1,14,35
1,2,6,100
1,1,9,85
2,1,20,48
1,1,31,19
1,1,19,19
2,1,24,10
1,1,25,106
2,1,8,81
1,1,5,7
2,2,3,54
2,2,21,10
2,2,15,94
1,1,1,83
2,1,2,88
1,1,17,21
1,1,3,20
1,1,25,10
1,2,8,28
2,2,11,15
1,1,19,25
1,1,13,91
1,1,9,80
1,2,8,50
2,2,19,2
1,1,11,13
1,1,9,43
2,2,9,10
2,1,14,8
1,1,9,75
2,2,11,32
2,1,16,19
1,1,9,71
1,2,12,36
1,2,26,46
2,2,15,23
1,1,27,10
1,2,8,71
1,2,10,14
2,1,12,13
2,1,14,4
1,2,14,50
2,2,7,93
2,2,7,6
2,2,11,49
1,1,15,2
1,2,18,51
2,2,17,99
1,2,8,87
1,1,13,16
2,2,9,3
2,2,13,24
1,2,22,13
1,1,17,60
1,1,19,13
2,2,15,70
1,2,20,10
2,2,9,36
1,1,17,63
1,1,9,104
1,2,6,78
1,2,10,78
2,1,6,80
1,2,8,41
2,2,13,72
1,2,12,48
2,1,4,25
2,1,16,0
2,1,16,25
1,1,31,22
1,1,11,69
1,1,15,19
2,2,13,24
2,2,1,80
2,1,4,107
2,2,19,8
1,1,9,20
2,2,19,15
2,1,10,29
1,1,29,8
1,1,7,87
2,2,11,37
1,2,14,9
1,1,17,8
1,2,20,9
1,1,7,79
2,1,22,34
1,1,7,61
1,2,14,18
1,1,7,76
2,1,20,91
2,2,5,81
2,2,13,24
1,1,1,94
2,2,25,9
2,2,11,36
2,2,9,10
1,1,23,12
2,2,9,81
2,2,3,76
1,2,14,24
1,1,23,40
1,2,14,54
2,1,10,9
2,2,9,43
2,2,17,19
2,2,15,30
1,2,22,2
1,1,21,6
1,2,12,107
2,1,12,2
2,2,15,42
2,2,17,2
2,2,27,9
1,1,7,49
1,2,16,3
2,2,11,43
2,1,8,112
1,1,7,73
1,1,15,98
2,1,18,7
2,2,15,33
1,1,11,2
2,1,4,27
2,1,28,10
1,1,1,21
2,1,24,10
1,1,7,92
1,2,18,19
1,2,18,8
2,1,12,83
2,1,20,20
2,1,18,33
1,2,8,80
1,2,8,57
2,1,8,84
1,2,2,39
1,1,11,2
1,1,13,86
1,2,6,53
2,2,11,2
2,2,5,69
1,1,7,68
1,1,13,24
2,2,17,3
1,1,9,109
2,1,8,23
2,1,10,2
2,2,15,0
1,1,29,2
1,1,9,83
1,1,21,22
2,2,19,34
1,2,16,21
1,2,8,10
1,1,9,92
2,1,6,35
2,1,12,10
2,2,7,2
1,2,12,16
2,1,20,11
1,1,15,17
2,1,14,66
2,2,9,25
2,2,21,21
2,2,19,26
1,2,26,3
1,2,10,35
1,1,31,7
2,2,5,94
1,1,11,15
1,1,29,3
1,1,15,18
1,1,9,46
1,1,23,36
1,2,8,46
1,1,7,28
1,1,9,86
1,2,22,7
2,2,13,17
2,2,11,24
2,1,18,10
1,1,15,73
1,1,5,81
1,1,15,31
1,2,34,71
1,2,14,5
2,1,16,28
2,1,16,7
1,1,13,6
2,1,18,10
1,1,17,82
2,2,15,73
2,1,18,94
2,2,11,18
2,2,19,2
1,2,12,35
1,2,8,76
2,1,4,65
1,2,14,19
1,2,18,13
1,1,11,70
2,1,12,23
1,1,11,71
1,2,2,74
1,1,3,83
1,1,21,3
1,1,13,38
1,1,11,14
1,1,11,86
2,2,5,88
1,1,17,81
2,2,5,18
2,1,10,95
2,1,14,13
1,1,7,9
1,1,15,24
1,1,5,95
1,2,20,10
1,1,11,69
2,1,8,10
1,2,20,7
1,1,7,43
2,1,14,4
2,2,5,98
1,1,5,115
1,1,21,62
2,2,13,69
2,2,17,2
2,1,22,52
1,2,18,24
2,2,13,66
1,1,9,7
1,1,3,30
1,1,15,2
1,2,4,60
2,1,10,83
1,2,24,15
2,1,4,98
1,1,11,7
1,1,9,49
1,1,27,66
1,1,17,45
2,1,26,30
1,1,17,26
1,1,15,5
1,1,15,4
1,1,17,3
2,2,23,5
1,1,17,30
1,1,5,87
1,2,10,104
1,2,20,6
2,1,12,48
1,2,2,84
2,2,23,10
1,2,10,10
2,2,7,56
2,1,12,76
2,1,16,77
2,2,9,42
1,1,3,78
1,2,14,5
2,2,23,12
2,1,16,18
2,2,19,2
2,1,14,102
1,1,5,82
1,2,10,74
1,1,11,63
1,2,30,10
2,2,13,51
2,1,26,28
1,1,23,5
1,1,9,26
1,2,30,8
1,2,14,25
1,2,16,7
2,2,21,26
2,1,10,22
2,2,7,108
1,1,5,87
1,2,22,2
2,1,18,8
1,1,5,75
1,1,31,14
1,2,20,73
2,1,14,10
1,2,12,10
2,2,15,27
2,2,15,7
1,2,12,19
1,2,16,45
1,1,19,3
1,1,13,93
1,1,21,10
1,1,19,20
1,1,13,79
1,1,31,12
2,1,20,10
1,1,15,10
1,2,18,8
2,2,5,39
1,1,13,82
1,1,7,28
1,1,15,36
1,2,28,12
2,2,17,42
1,2,22,7
1,2,16,18
2,1,12,23
2,1,20,82
1,1,9,10
2,2,19,25
2,1,16,8
2,2,17,7
1,1,9,16
1,2,12,22
1,1,17,42
2,2,7,98
2,1,22,105
1,2,14,18
2,1,4,77
2,2,19,58
1,1,7,46
2,2,31,70
2,2,17,8
1,2,14,30
1,2,12,2
1,2,10,10
2,1,24,10
1,2,6,60
1,1,13,43
1,2,36,20
1,2,14,22
1,2,14,12
1,2,20,4
1,2,20,9
1,1,7,85
2,2,13,16
1,2,8,10
1,1,7,26
2,2,31,0
1,1,29,36
2,2,19,10
1,1,21,10
2,2,9,27
2,2,5,3
1,1,5,79
2,2,11,10
1,2,18,53
1,1,23,3
2,2,13,16
1,1,7,75
2,2,5,62
2,1,16,8
1,1,13,5
2,2,13,22
2,2,7,108
1,2,10,94
1,2,6,10
2,1,12,59
2,2,21,60
1,1,15,38
1,2,12,19
2,2,7,5
1,1,11,49
2,2,11,2
1,1,3,90
1,1,17,70
2,1,8,36
1,2,22,10
2,2,15,66
1,1,7,91
1,2,16,10
2,1,20,7
1,2,2,29
1,1,25,17
2,2,13,20
2,1,4,25
2,2,13,7
1,2,28,2
2,1,26,24
1,1,3,69
1,1,13,34
2,2,9,19
1,1,23,10
1,2,10,2
2,2,11,21
2,1,12,60
2,2,7,48
1,2,18,4
2,2,13,83
1,2,16,3
2,1,16,16
1,1,25,16
2,1,30,6
2,2,27,31
2,2,13,28
1,2,20,2
1,1,9,92
1,2,12,81
1,2,6,67
2,1,10,99
1,1,19,88
2,1,22,21
2,1,12,4
2,2,29,10
2,1,8,15
1,2,24,3
2,1,8,23
1,1,7,96
2,2,11,26
1,2,30,19
1,1,23,14
1,2,14,11
1,1,7,85
1,1,7,34
2,2,11,109
1,1,19,45
1,1,11,75
2,2,9,28
1,2,30,10
2,1,12,7
2,1,14,37
2,2,9,65
1,2,24,10
1,2,4,83
1,2,8,62
1,1,15,10
2,2,7,59
2,2,25,76
2,2,7,69
2,2,13,25
2,2,11,90
1,2,16,15
2,2,9,77
2,2,15,10
2,2,11,66
2,2,29,3
1,2,20,46
1,2,8,86
1,2,14,14
2,2,5,38
1,1,1,24
1,1,13,38
1,1,9,71
2,2,9,10
2,1,32,4
2,1,18,14
2,2,5,29
1,1,19,10
1,1,9,50
2,1,14,70
2,1,12,2
2,2,15,84
2,1,8,102
2,2,9,95
1,1,15,56
2,2,27,23
1,1,9,15
1,1,11,24
2,2,7,83
2,2,29,10
1,2,10,26
2,1,22,12
1,2,30,10
1,2,10,20
2,1,14,10
2,1,10,16
1,1,9,20
2,1,12,95
2,2,13,17
2,2,9,32
1,2,16,10
1,1,13,27
2,1,4,40
2,2,9,0
1,2,22,10
1,1,17,45
2,2,3,92
1,2,14,51
2,1,12,70
2,1,12,64
1,1,17,10
1,1,25,84
1,2,14,84
1,2,12,68
2,2,11,4
1,1,7,78
2,2,29,61
2,1,12,48
2,2,17,23
1,2,20,75
1,2,10,26
1,2,20,10
2,2,17,67
1,1,7,82
2,2,21,47
2,1,8,101
1,1,17,79
2,2,7,21
1,1,3,55
1,2,14,45
2,2,23,5
1,2,16,10
2,1,12,93
1,2,6,101
1,1,19,26
1,2,26,26
2,1,34,0
1,1,25,5
1,1,17,8
2,1,20,10
1,1,7,92
2,1,24,22
1,2,24,5
2,2,17,10
1,1,15,100
1,1,15,18
2,2,5,96
1,2,6,66
1,2,20,90
2,2,9,15
2,2,21,0
1,1,17,2
2,1,16,43
1,1,15,103
1,1,7,4
1,2,6,93
1,2,18,78
1,2,22,21
1,2,14,5
2,2,11,27
2,2,11,75
1,2,4,89
1,2,16,72
1,2,12,58
1,1,7,84
1,2,22,2
2,1,12,72
1,2,14,54
1,1,13,66
1,2,30,11
2,2,15,21
2,2,25,64
2,2,15,2
1,1,15,12
1,2,16,16
2,2,15,27
1,1,13,30
2,2,9,16
2,1,10,8
1,1,13,58
1,1,5,81
2,2,7,18
1,2,28,14
2,2,17,13
1,1,3,16
1,1,5,24
2,2,21,7
2,1,18,21
1,2,8,17
2,2,11,77
1,1,17,10
1,2,16,29
2,1,18,6
2,2,13,19
1,1,15,71
2,2,15,50
2,1,30,54
2,2,13,27
2,1,10,43
2,1,6,48
2,2,3,60
1,2,18,71
1,1,9,12
2,1,10,15
1,1,17,43
2,2,9,10
1,1,15,9
1,1,13,18
1,2,8,24
1,1,7,14
1,2,24,70
1,1,11,10
2,2,23,28
2,1,6,25
1,1,11,83
1,2,30,89
2,2,11,9
1,1,25,22
1,2,16,26
2,2,13,28
1,1,11,22
1,1,5,44
1,2,18,17
1,2,22,59
1,1,27,60
1,1,11,10
1,2,30,11
1,1,13,51
1,1,11,43
2,1,24,13
1,1,15,10
2,2,7,34
2,1,18,2
1,1,5,81
1,2,8,62
2,1,6,2
1,1,13,53
1,1,21,19
2,2,19,97
1,2,18,81
1,1,19,38
2,1,6,90
2,1,10,3
2,2,5,15
2,2,1,82
2,1,16,8
1,2,4,24
1,2,20,7
1,1,5,97
1,1,7,3
1,2,18,20
2,1,4,32
1,1,11,2
2,1,8,24
1,2,4,36
1,1,9,93
2,1,20,17
1,2,22,17
2,1,22,6
1,2,12,13
1,1,15,78
1,1,13,10
1,2,12,69
1,1,9,19
1,1,17,104
2,2,15,26
1,1,11,35
1,1,19,61
1,2,2,78
1,2,22,84
1,2,4,5
1,1,15,40
2,2,19,23
2,2,5,10
1,1,13,12
1,1,17,9
2,1,10,26
2,2,11,8
2,1,12,76
2,2,5,20
1,1,7,13
1,2,16,81
1,2,24,4
2,2,11,8
1,2,16,22
1,1,23,0
2,1,8,29
1,1,9,75
1,2,12,53
2,1,20,82
1,1,13,91
1,1,9,79
1,2,18,50
2,1,8,95
1,2,14,13
2,2,17,32
2,1,24,6
1,2,12,8
1,1,17,21
2,1,26,16
2,2,5,10
1,1,15,47
1,1,17,49
1,1,7,59
2,1,16,5
1,1,3,91
1,1,11,72
2,2,17,97
1,2,6,8
1,2,20,35
2,2,11,20
1,1,9,10
2,1,4,17
2,1,12,33
1,1,9,15
2,1,16,17
1,2,20,12
1,2,20,18
1,1,15,28
2,1,14,2
2,1,14,70
1,1,33,25
1,1,3,73
2,1,8,77
2,1,16,4
2,2,21,9
1,1,23,10
2,2,7,74
1,2,22,39
1,1,7,42
2,2,7,22
2,2,7,35
1,2,8,10
2,1,18,13
2,2,17,23
1,1,21,87
1,2,10,96
2,2,7,56
2,2,21,5
1,1,17,27
1,1,27,10
1,2,14,7
1,2,6,106
2,1,18,0
1,2,4,79
2,2,9,18
1,1,7,86
2,1,16,29
1,1,19,17
1,1,7,19
1,2,12,8
1,1,9,33
1,2,4,46
2,1,6,83
2,1,20,12
2,1,16,85
2,1,6,90
1,2,20,10
1,1,9,93
1,1,15,27
2,1,12,30
2,2,19,16
1,1,15,83
1,2,8,23
1,1,3,93
1,2,18,67
1,1,13,24
2,1,12,39
2,1,12,18
2,2,9,70
1,1,31,60
2,1,12,22
2,2,7,3
2,2,19,2
2,2,15,38
2,1,18,28
1,1,9,73
1,1,13,42
1,2,18,51
1,2,12,57
1,2,14,17
1,2,8,56
1,1,3,76
2,2,19,10
2,2,5,18
1,2,4,79
1,1,19,3
1,2,26,10
2,1,12,22
1,2,8,69
2,1,14,5
1,1,15,28
2,2,15,5
1,1,17,30
1,1,9,24
2,2,21,15
1,1,19,40
1,1,7,30
2,1,10,25
2,1,26,4
1,2,16,33
2,1,16,3
1,1,5,27
2,1,2,52
2,1,12,16
1,1,13,7
2,1,24,16
2,1,12,105
2,2,9,83
1,2,12,23
2,1,10,8
2,2,29,15
1,1,11,15
1,2,12,88
1,1,11,30
1,1,5,10
1,2,16,6
2,1,4,78
2,2,15,9
1,2,14,90
1,2,10,42
2,2,13,93
2,1,10,20
1,2,10,93
1,1,11,9
1,1,9,0
2,1,14,21
1,1,7,96
2,1,6,84
1,1,21,2
1,1,13,16
1,2,8,5
2,1,10,30
2,2,17,45
2,1,10,25
1,2,32,5
1,1,19,40
1,2,12,16
2,1,14,8
1,1,9,26
2,2,23,7
2,1,24,0
2,2,9,19
1,2,22,27
2,1,4,79
1,1,13,10
2,1,12,59
2,1,30,6
1,2,22,5
1,2,18,26
1,2,12,58
1,1,11,37
1,1,13,84
1,1,11,39
2,2,15,74
2,1,18,32
1,1,11,61
2,2,13,20
1,2,22,8
1,1,21,81
1,1,23,7
1,2,12,31
2,1,8,28
1,1,15,5
1,2,14,11
2,2,17,10
1,1,5,40
1,2,12,8
2,2,9,84
1,1,21,20
1,2,18,19
2,1,34,81
1,1,11,36
1,1,13,20
1,1,9,2
1,2,10,5
2,2,3,13
2,2,7,84
1,1,1,97
2,1,20,23
1,2,16,5
1,1,17,88
1,1,9,8
2,1,18,20
2,1,36,10
2,2,13,28
2,2,17,114
1,1,11,69
1,1,23,5
1,1,15,10
1,1,11,54
2,2,9,31
1,1,17,94
2,2,23,7
2,1,10,5
2,2,9,31
2,2,13,78
1,2,12,10
1,1,13,85
1,2,8,55
1,1,17,62
2,2,9,19
1,1,13,33
2,2,31,88
1,2,20,33
2,1,16,17
1,2,26,10
1,2,6,30
2,1,8,30
1,2,36,0
1,1,5,29
2,1,8,92
2,1,4,79
1,2,16,11
1,1,13,19
1,1,21,10
2,2,17,19
1,1,9,9
2,2,15,72
1,2,8,103
2,2,5,81
1,1,9,86
2,1,14,10
1,2,10,23
2,2,11,45
2,1,16,42
2,2,27,30
1,1,5,93
1,1,21,5
2,2,11,89
2,1,18,3
2,2,17,10
1,1,7,15
2,1,14,3
2,1,12,69
1,2,10,3
1,2,4,22
2,2,7,35
1,1,19,13
2,1,14,34
1,2,16,10
2,1,12,4
2,2,7,49
1,1,21,10
1,2,18,2
1,1,9,87
1,2,6,80
1,1,5,85
1,1,9,10
2,1,10,39
1,1,21,7
2,1,12,111
2,1,18,4
1,1,13,54
1,1,15,13
1,1,13,25
2,2,13,3
1,2,14,10
1,2,24,10
1,1,19,86
2,2,21,30
1,1,13,10
1,1,17,109
1,1,11,96
1,1,7,75
1,2,8,19
2,2,9,77
2,2,13,14
2,1,14,55
1,1,5,108
2,1,16,10
1,1,5,39
1,1,13,26
1,1,13,14
2,2,23,20
1,1,11,10
1,1,17,10
2,1,28,9
1,2,8,9
1,1,9,30
1,2,16,10
1,2,16,19
1,1,17,10
1,2,12,7
1,2,14,26
1,2,16,0
1,1,31,7
2,1,14,6
2,1,26,10
1,1,13,96
1,2,16,13
1,2,10,49
2,1,8,37
1,1,11,28
2,2,7,58
1,1,15,3
1,1,21,30
1,1,15,12
1,1,7,81
1,1,9,13
2,2,3,81
1,1,17,81
2,2,9,18
1,2,14,30
2,1,18,4
1,1,15,30
2,2,9,13
1,2,16,4
2,1,10,32
1,1,17,9
1,2,22,10
1,1,19,13
2,1,22,15
2,2,9,33
2,1,18,40
2,2,15,28
1,2,24,10
2,1,14,27
1,1,11,37
1,1,5,99
2,1,14,9
1,2,10,10
1,1,11,7
2,2,19,2
1,1,19,10
2,1,22,15
2,2,19,83
2,2,15,16
1,2,28,10
1,2,16,76
1,1,13,20
2,2,7,66
1,2,16,24
1,2,20,61
1,2,16,32
2,1,6,14
1,1,7,86
1,1,7,37
2,1,20,3
1,1,9,22
1,1,13,101
2,1,12,53
2,1,12,40
2,1,8,42
2,2,19,6
1,2,12,25
2,1,18,19
1,2,16,2
1,2,8,4
2,1,16,5
2,2,9,34
2,1,16,6
1,2,8,7
1,1,5,42
1,2,12,8
1,1,33,10
2,1,14,25
2,2,17,20
2,2,17,14
2,2,13,10
2,2,9,54
1,1,3,102
2,1,6,18
1,1,15,18
1,2,8,7
1,2,6,78
1,2,14,107
1,1,15,93
1,2,10,83
2,2,7,4
1,2,10,23
1,2,12,93
1,2,14,19
2,1,14,18
2,1,20,6
1,1,13,33
1,1,27,10
2,2,9,23
1,1,15,12
1,1,9,7
2,2,5,26
1,2,14,2
2,2,17,7
1,1,15,6
1,1,7,95
1,2,30,7
2,2,21,15
2,1,10,6
2,2,15,3
1,1,17,9
2,1,8,59
1,2,18,7
1,1,25,20
2,1,12,7
1,1,15,4
2,2,21,30
1,1,11,30
1,1,15,3
1,2,10,71
2,1,16,95
2,2,7,8
2,2,15,10
2,1,12,21
2,2,1,98
1,2,6,28
2,2,11,24
2,1,12,74
2,2,7,13
2,1,14,100
1,1,11,80
1,1,11,23
1,1,5,46
1,1,13,80
2,2,5,20
2,1,20,24
2,2,23,20
2,2,21,52
2,2,13,100
2,1,4,20
1,1,7,10
2,1,44,30
1,2,14,76
2,1,10,21
2,2,11,40
2,1,16,10
2,1,28,69
1,2,18,74
1,1,5,8
2,1,22,13
1,1,19,10
2,1,18,59
2,2,21,14
1,2,18,2
1,2,22,23
1,1,21,9
1,2,10,3
2,1,16,16
2,1,16,2
1,1,37,10
2,2,27,10
1,2,6,99
2,2,9,51
1,2,20,16
2,1,10,79
1,2,18,33
1,1,17,69
2,2,25,10
1,2,14,6
1,2,16,49
2,2,13,0
2,2,5,9
1,2,12,16
1,2,16,28
1,1,29,29
2,2,13,16
2,2,9,104
2,1,14,20
1,2,8,32
1,1,9,92
2,2,7,88
2,2,13,72
1,1,5,92
2,1,12,18
2,1,22,0
2,1,10,0
2,1,2,75
1,2,12,28
2,2,13,10
2,1,10,23
1,1,11,97
2,1,8,23
2,2,23,21
2,1,26,0
2,2,5,41
1,2,14,19
1,2,18,14
1,1,15,65
2,2,15,66
1,1,27,10
2,2,19,10
1,1,21,6
1,1,17,56
2,2,5,66
1,1,19,94
1,2,8,85
2,2,11,11
1,2,20,30
2,2,9,8
2,1,8,15
1,2,28,2
2,1,26,6
2,2,15,43
1,2,2,46
2,1,16,4
1,1,7,19
2,2,9,53
2,1,14,38
2,1,8,79
2,2,9,78
2,1,6,22
2,1,6,103
2,2,15,49
1,1,15,84
1,2,16,2
2,1,14,97
2,1,24,5
2,1,10,85
1,2,22,32
2,1,18,2
1,2,18,75
2,1,6,22
2,2,37,19
2,2,7,73
1,2,14,10
1,2,16,25
1,1,13,34
1,1,7,11
2,2,5,95
2,2,15,17
2,1,8,93
2,1,12,19
1,1,13,7
1,1,3,81
1,1,13,10
2,1,14,2
2,2,15,10
2,2,3,6
1,2,18,28
1,2,16,10
1,2,8,47
2,1,16,22
1,2,16,26
1,2,10,48
2,2,11,48
1,2,20,37
2,2,9,87
1,1,25,10
1,2,20,5
1,1,9,50
2,1,16,68
2,1,12,43
2,1,18,10
1,1,13,43
2,1,10,39
2,2,15,21
2,1,28,49
2,1,30,45
2,2,13,7
2,1,8,73
1,2,12,15
2,2,11,19
2,2,27,10
1,1,3,13
2,2,31,84
1,2,6,101
1,1,13,73
2,1,18,2
2,1,12,86
2,1,10,32
1,1,13,22
2,2,1,97
2,1,8,30
1,2,8,3
1,1,23,22
1,1,19,10
1,1,11,36
2,1,18,10
1,2,16,2
2,1,18,70
1,2,20,10
1,1,19,78
1,1,7,25
1,1,9,21
2,2,27,5
1,1,5,98
2,2,7,35
1,1,11,28
2,1,10,15
2,2,33,6
1,1,11,29
2,1,28,10
1,2,22,21
2,2,7,111
2,2,23,5
1,1,7,94
1,1,11,42
1,2,12,65
1,2,24,9
2,2,21,88
2,1,14,18
2,2,5,14
1,2,22,3
1,2,4,74
1,1,19,13
2,1,8,89
1,2,16,15
1,1,7,92
2,2,17,10
1,1,9,8
1,2,22,10
1,1,5,87
1,1,25,70
2,1,10,7
2,1,10,10
2,2,11,48
1,2,14,5
2,1,14,18
1,1,11,30
2,1,18,10
1,1,13,27
1,1,9,83
1,2,8,76
2,2,9,22
1,1,11,89
1,2,2,69
2,1,16,2
1,2,18,7
1,1,11,26
2,2,9,14
1,1,17,7
1,1,11,89
1,2,22,16
2,2,9,16
1,1,25,3
1,2,26,66
1,1,19,18
2,2,23,73
1,1,15,104
2,1,28,58
1,2,6,18
2,2,17,15
1,2,16,18
2,1,16,40
1,2,6,28
1,1,19,78
2,2,29,6
1,1,17,81
2,1,6,3
1,1,21,8
1,2,12,70
1,1,43,15
2,1,12,14
1,1,11,33
1,2,22,20
1,2,18,31
1,1,9,23
2,2,13,48
2,1,10,16
1,2,16,72
1,2,12,4
2,1,16,76
1,2,20,9
2,2,9,2
2,2,11,83
1,2,4,112
2,2,13,41
2,2,3,64
2,1,14,71
1,2,20,14
1,2,26,3
1,1,25,19
2,1,6,102
1,2,6,10
1,1,7,38
1,2,8,23
1,1,5,21
2,2,7,2
2,2,17,17
1,2,6,8
2,1,12,30
1,1,9,79
1,1,39,4
1,2,20,28
1,2,12,15
1,2,8,82
1,2,22,6
1,2,18,23
1,1,7,16
1,1,15,26
2,2,19,10
2,2,15,30
2,2,11,15
1,2,8,41
2,2,15,96
2,1,26,22
2,2,11,23
2,2,13,8
1,1,17,38
2,1,22,3
2,1,28,10
2,1,24,7
1,2,16,35
1,2,8,47
2,1,4,83
1,1,7,35
1,2,4,75
1,1,5,67
1,1,17,38
1,1,11,37
2,1,14,16
2,2,9,27
1,1,11,103
2,1,12,35
1,2,8,77
1,1,21,23
2,1,8,58
1,1,17,29
2,1,16,15
2,1,16,18
1,1,1,89
1,2,6,93
2,2,13,10
2,2,21,18
2,2,19,29
2,1,12,13
1,1,17,2
1,2,6,18
2,1,12,22
1,2,10,21
2,1,30,0
1,2,24,67
2,2,3,85
1,1,11,10
2,1,16,20
2,2,7,29
2,1,20,32
1,1,17,20
2,2,19,48
1,1,7,74
2,2,9,75
1,1,3,89
1,1,21,58
1,2,16,87
2,2,7,24
1,1,15,30
2,1,10,14
2,2,29,16
2,2,17,14
1,1,13,44
2,1,18,2
1,2,6,25
2,2,13,58
1,1,9,67
1,1,9,24
2,2,21,10
1,1,11,75
2,2,23,9
1,2,10,105
2,2,15,8
2,1,16,14
1,2,16,19
2,1,16,69
1,2,6,21
1,1,13,72
1,2,16,15
1,2,38,10
2,1,16,21
2,1,14,17
2,1,6,36
2,1,8,96
2,1,8,79
2,1,20,2
1,2,10,50
1,2,6,21
2,2,15,8
1,1,13,21
1,1,11,98
1,2,18,69
1,2,14,10
2,1,12,56
1,1,7,54
2,2,19,25
2,2,21,10
2,2,15,28
2,2,5,39
2,1,10,100
2,2,21,8
2,2,7,92
1,2,28,7
2,2,21,33
2,2,17,99
2,2,13,50
2,2,23,13
2,1,6,48
1,1,33,40
2,1,16,7
1,1,15,16
1,1,9,73
1,1,17,12
2,2,7,2
1,1,11,2
1,2,18,18
2,1,34,10
1,1,11,12
1,1,15,27
2,1,18,20
1,1,17,20
2,2,11,9
1,1,11,10
1,2,20,25
2,2,19,28
2,1,14,10
1,2,4,39
1,2,8,30
1,1,13,10
2,1,14,7
1,2,14,14
2,2,15,94
1,2,16,15
1,1,23,0
1,2,12,54
1,1,17,3
2,1,20,56
1,1,13,47
2,2,3,4
1,2,14,60
2,1,16,41
1,1,23,27
2,2,13,42
1,2,8,47
1,1,15,15
2,1,12,21
1,1,3,95
1,1,11,86
2,2,9,10
2,1,18,10
1,1,9,32
1,2,26,12
2,1,26,3
1,2,10,2
1,1,9,22
2,2,13,18
2,1,16,10
2,2,19,33
2,1,2,82
2,2,25,10
1,2,30,2
1,1,21,32
2,1,8,87
1,2,6,98
1,1,21,11
2,2,13,37
2,1,20,14
2,1,8,63
1,2,22,44
2,2,9,27
2,1,18,30
1,1,3,84
2,1,12,49
1,2,10,10
2,2,27,10
1,2,14,21
2,1,14,18
2,1,4,100
2,2,9,25
1,1,15,10
2,1,30,10
1,1,13,0
1,1,15,17
1,2,8,24
1,1,7,11
1,1,9,15
2,2,39,17
1,1,19,13
2,2,11,16
1,2,10,110
1,1,21,82
1,2,10,23
1,2,10,39
1,2,16,29
1,2,6,67
1,2,22,10
1,2,10,38
1,2,14,9
1,2,8,2
1,2,14,9
2,1,8,44
1,1,19,22
2,2,13,80
1,1,21,28
1,1,13,2
1,1,17,23
1,1,11,41
1,1,15,10
1,1,13,4
1,1,27,10
2,1,4,14
1,1,11,25
2,2,19,87
1,2,6,38
1,2,34,26
1,1,9,63
1,2,8,98
1,1,19,19
1,1,9,54
1,1,11,46
1,1,17,9
2,1,24,36
1,1,15,17
1,1,7,23
2,2,29,10
1,1,5,98
1,2,8,69
2,1,20,2
1,2,8,27
2,1,28,6
1,2,4,29
1,1,5,86
1,2,20,22
1,2,28,10
1,2,10,101
2,1,12,97
2,1,30,10
2,1,16,30
2,2,11,89
1,2,10,33
1,1,21,74
1,1,9,15
1,1,17,10
1,1,11,75
2,1,6,19
1,1,7,27
2,2,21,9
2,2,9,86
2,1,20,5
1,2,10,10
1,1,23,61
1,2,22,15
2,2,11,56
2,2,35,21
2,2,7,94
2,2,9,18
1,1,11,27
2,1,22,52
2,2,13,21
2,1,20,5
1,1,27,22
1,1,7,74
2,2,17,8
1,1,5,53
1,2,18,3
2,2,17,3
2,2,21,3
1,2,14,24
2,2,13,29
1,1,11,18
1,1,5,37
2,1,10,41
1,1,17,94
2,1,30,88
2,1,12,11
1,1,23,19
1,2,20,33
2,1,14,99
1,2,20,6
2,2,13,28
2,2,23,84
2,2,21,0
1,1,21,13
2,1,22,10
1,2,12,29
2,2,23,10
1,1,15,6
1,1,7,94
2,2,7,22
1,2,26,31
1,1,5,19
1,1,27,10
1,2,20,22
1,1,7,32
2,1,14,10
2,1,14,95
1,1,9,43
1,1,7,7
1,1,15,7
2,2,33,6
2,1,8,9
1,2,6,42
1,1,23,13
1,1,7,47
2,1,6,16
1,1,15,22
2,1,20,9
1,1,11,62
2,1,20,30
2,1,12,20
2,1,26,9
1,2,24,16
2,1,16,14
1,2,8,12
1,2,20,14
2,2,13,27
1,1,11,111
2,2,15,9
2,1,14,11
2,1,20,10
1,2,6,42
1,1,15,10
1,2,16,30
1,1,11,3
1,1,29,16
2,1,6,10
2,1,16,54
2,2,5,21
1,2,20,30
1,1,23,43
1,1,29,22
1,1,31,17
2,2,11,99
1,1,11,10
2,2,15,7
2,1,4,18
1,2,12,5
1,2,8,79
1,2,10,65
2,1,22,10
2,1,26,23
1,2,12,15
1,2,24,77
2,1,8,17
1,2,10,84
2,2,7,37
1,1,15,9
2,1,14,62
2,2,7,16
1,1,17,63
2,1,22,27
2,2,21,74
2,2,23,40
1,2,20,68
2,1,2,108
1,1,13,2
2,1,10,7
2,1,4,64
1,2,16,26
1,2,10,10
1,1,11,34
1,1,33,20
1,1,9,96
2,1,12,91
1,1,7,100
2,2,15,2
1,2,20,3
1,1,13,36
1,2,14,12
2,2,13,22
1,1,3,56
2,2,19,7
1,2,12,87
1,1,13,75
2,2,13,73
2,2,17,10
1,1,13,8
1,2,18,11
1,1,13,49
2,1,6,49
1,1,23,85
2,2,13,24
1,2,8,85
1,1,29,14
1,2,6,90
2,2,9,96
2,2,15,4
1,2,14,6
2,2,17,83
2,1,6,81
2,2,1,49
1,2,16,24
1,1,13,42
2,1,10,16
2,2,17,98
1,1,19,32
2,2,17,6
2,1,16,25
1,2,10,81
1,2,10,18
2,1,8,24
2,1,16,3
1,1,15,14
1,2,16,81
1,1,15,10
2,2,9,101
1,2,6,86
2,1,8,103
2,2,7,20
1,1,11,80
1,1,35,3
2,2,5,98
1,1,15,20
1,1,17,31
1,1,13,48
1,2,16,7
1,2,20,4
2,2,11,59
1,1,17,36
1,2,18,3
1,1,25,18
2,1,8,78
1,2,8,99
1,2,14,16
1,1,23,6
2,2,11,7
1,1,13,54
2,2,17,11
1,1,11,26
1,2,10,89
2,1,8,89
1,2,18,19
2,2,11,88
2,2,7,3
1,2,12,20
2,2,7,10
2,1,10,97
1,2,10,30
1,2,16,12
1,1,9,36
1,2,22,45
1,2,14,27
1,2,14,62
1,2,16,73
2,1,20,19
2,1,8,77
1,2,16,5
1,1,9,50
1,2,24,16
2,1,12,28
1,2,20,13
1,1,11,9
2,2,11,16
2,1,20,45
2,1,18,21
2,1,4,96
1,1,23,77
2,2,7,93
2,2,27,2
2,2,5,3
1,1,11,76
1,1,25,10
2,2,5,102
2,1,20,7
1,2,6,47
1,2,12,59
1,1,7,97
1,1,5,20
1,1,3,89
1,1,25,8
1,1,13,39
1,2,12,82
2,1,12,14
1,1,5,66
1,1,19,15
2,2,5,57
1,1,11,94
1,2,22,10
2,2,19,16
2,2,21,15
2,1,10,2
1,2,22,16
1,2,22,25
1,1,7,34
1,2,6,13
2,1,14,28
1,1,1,89
1,1,9,85
2,2,9,10
1,1,9,93
2,2,17,3
2,2,9,89
1,1,11,10
1,2,14,15
2,1,14,10
1,1,19,11
1,2,16,17
1,1,11,2
1,2,4,83
1,1,13,36
2,1,22,7
1,1,15,25
1,1,31,26
2,2,21,15
2,2,19,31
2,1,4,78
2,1,8,49
2,1,14,15
1,1,15,20
1,2,18,9
1,1,17,8
2,1,8,63
2,2,17,16
1,2,8,24
2,2,25,11
2,2,11,20
1,1,25,28
1,1,15,12
1,1,25,15
1,1,23,6
1,2,4,72
1,2,16,10
2,2,5,34
2,1,2,76
1,2,14,3
1,1,29,33
2,2,15,20
2,2,17,36
2,2,27,2
2,1,12,24
2,2,17,28
2,1,22,53
2,1,32,10
2,1,10,28
2,2,35,10
2,1,12,27
1,1,9,44
1,2,20,14
1,2,16,98
2,2,21,84
2,1,12,4
2,2,9,2
1,2,18,0
1,2,8,81
1,2,12,83
2,2,11,56
2,2,3,92
2,2,19,5
1,1,13,20
1,2,26,47
1,2,14,9
1,1,9,22
2,2,7,30
2,2,13,2
1,1,13,48
2,2,19,101
2,1,24,11
2,2,25,6
1,1,15,48
2,2,15,10
1,2,16,2
2,2,13,15
2,1,12,91
1,2,14,16
1,2,26,14
2,2,21,7
1,1,9,93
2,2,9,23
2,2,11,39
2,2,9,14
1,2,8,15
2,2,9,96
1,2,20,105
1,2,8,73
1,2,4,38
2,2,15,78
2,2,7,94
2,2,15,22
1,2,26,14
2,1,4,75
1,1,21,44
2,2,15,22
1,2,8,10
1,2,12,92
1,1,3,107
1,2,32,8
1,2,28,0
1,2,8,17
1,2,16,22
2,1,14,9
2,2,5,76
1,2,8,35
2,2,5,41
2,2,9,10
2,2,3,80
1,2,14,78
2,1,14,23
2,1,2,82
2,1,2,88
2,1,16,66
2,2,11,10
2,1,10,7
1,2,10,48
1,2,20,2
1,1,33,76
1,1,15,102
1,1,13,32
1,1,17,24
1,2,10,40
2,2,21,58
1,2,24,85
2,1,24,22
2,2,15,5
1,1,27,16
1,1,17,86
1,2,2,73
2,1,12,10
2,2,19,8
2,2,11,19
1,2,10,101
1,1,7,95
2,1,12,14
2,1,12,14
1,2,12,30
1,1,13,75
2,2,9,51
2,1,16,12
1,1,11,7
2,2,13,30
2,2,21,22
2,2,7,13
2,2,11,12
1,1,21,18
2,2,13,4
1,1,11,90
1,2,12,82
2,1,18,2
1,1,7,7
1,1,13,44
2,1,16,13
2,1,14,88
1,2,14,22
1,2,14,24
1,2,6,91
1,2,8,22
2,2,5,44
2,2,15,65
1,1,11,50
1,1,13,89
2,1,16,48
2,2,7,22
2,1,20,48
1,1,25,15
1,1,9,30
1,1,13,10
2,1,14,0
2,1,26,39
1,2,22,23
1,2,10,58
2,2,5,89
2,1,12,65
1,2,14,89
1,2,8,15
2,1,12,64
2,1,14,10
1,1,3,79
1,1,1,85
1,2,12,91
1,2,16,20
1,2,26,76
2,2,13,40
1,2,18,19
2,1,12,38
1,1,17,36
1,2,6,85
1,1,13,26
2,1,4,88
1,1,17,106
2,1,14,4
1,2,16,82
1,2,14,81
2,2,7,74
1,1,13,43
2,1,8,93
2,1,30,10
1,2,6,113
1,1,19,9
1,1,17,13
1,1,15,86
2,1,14,5
2,1,6,32
1,1,11,4
1,1,13,18
2,2,7,78
2,2,19,20
1,1,15,71
1,1,11,19
1,2,6,54
1,1,15,5
1,1,15,98
1,2,12,10
1,2,12,13
1,1,23,10
2,2,13,73
2,2,11,16
1,2,20,4
1,2,8,12
2,1,4,80
1,1,9,100
2,2,21,9
2,2,11,80
2,1,14,85
1,1,25,10
2,1,16,89
2,1,8,79
1,1,39,5
2,1,12,15
1,2,14,2
1,2,12,82
2,1,22,5
2,2,7,44
1,2,6,33
2,1,34,10
1,2,14,40
1,2,18,20
2,2,9,13
1,2,18,14
2,1,18,83
1,2,12,10
1,1,3,98
2,2,11,52
2,2,15,18
1,2,24,66
2,1,8,29
2,1,12,20
2,2,13,54
2,2,9,39
1,2,20,24
1,1,11,19
2,2,15,40
2,2,19,14
2,1,22,15
1,2,24,86
1,1,21,68
1,1,9,18
1,1,11,75
1,1,13,33
2,2,21,10
1,1,17,10
2,2,5,17
2,2,1,104
1,2,28,74
2,2,17,15
1,2,20,13
1,2,12,35
1,1,13,22
1,2,16,83
2,2,9,10
2,1,16,23
1,1,13,54
1,2,8,48
1,1,25,4
2,2,7,97
2,1,10,77
1,2,24,73
1,2,16,10
2,2,31,25
2,2,17,84
1,1,25,19
2,1,6,2
2,2,15,26
2,1,4,70
2,2,7,15
2,1,18,20
2,1,22,12
1,2,10,69
1,1,5,66
1,2,12,16
1,2,10,10
2,2,31,2
1,2,22,6
2,1,8,26
1,1,13,111
1,1,25,10
1,2,8,54
1,1,7,26
2,1,14,2
2,1,8,46
1,2,20,7
1,2,10,37
1,2,8,100
1,2,18,67
2,2,31,17
2,2,25,89
2,2,7,19
2,1,14,3
1,2,22,22
1,1,11,38
2,2,17,63
1,1,25,21
1,2,6,10
1,2,14,57
1,2,12,97
2,1,24,2
1,1,17,2
1,2,14,5
2,1,8,17
2,2,15,72
1,1,7,55
1,2,22,5
2,2,25,20
2,2,3,71
1,1,15,83
1,1,5,4
1,2,8,91
1,2,24,95
1,1,7,37
2,2,21,17
1,2,8,14
2,2,11,10
1,1,7,46
1,1,13,69
1,1,9,20
2,2,15,15
2,1,12,17
2,1,12,2
2,2,19,15
1,2,20,6
1,1,27,14
1,1,17,22
1,1,15,20
2,1,28,90
1,1,21,7
1,2,8,40
2,1,12,53
1,2,16,24
2,2,17,4
1,2,12,35
2,2,7,46
2,1,20,79
2,2,19,22
2,2,27,2
2,2,23,19
1,1,9,26
2,2,11,16
2,2,5,92
2,2,31,10
2,1,18,10
2,2,19,8
1,1,3,83
1,2,18,105
2,2,11,99
1,2,24,14
1,2,6,14
2,2,9,38
2,1,14,2
1,1,5,41
2,1,12,67
2,2,13,6
2,1,6,52
2,2,3,95
2,2,11,43
2,1,16,35
1,1,13,47
2,1,16,77
2,2,13,58
1,2,12,23
2,1,14,28
1,2,14,22
2,2,13,3
1,2,24,12
1,1,9,17
1,1,19,85
1,1,15,82
2,2,15,74
1,2,18,7
2,1,16,40
1,2,14,40
1,2,12,19
1,2,18,10
2,2,11,10
1,2,10,24
1,2,24,29
2,1,30,3
2,2,27,0
1,2,6,78
1,1,25,6
2,2,15,43
2,1,16,72
2,2,19,26
2,1,16,85
2,1,14,14
2,1,12,6
1,1,5,89
1,2,12,31
2,2,7,42
1,2,18,24
2,1,34,51
1,2,16,6
1,1,11,39
2,2,9,4
2,2,21,81
1,1,11,78
1,2,16,23
1,2,10,26
2,1,10,24
1,1,15,2
2,2,5,78
1,2,14,41
2,1,26,40
1,1,19,3
2,1,26,25
1,1,9,29
2,2,41,77
2,2,19,35
1,1,13,65
2,2,17,10
2,1,16,18
2,1,14,4
2,1,24,17
1,2,26,14
2,2,9,30
2,1,12,56
2,2,11,29
2,1,16,4
2,1,24,22
2,1,10,22
2,2,31,10
2,1,12,3
1,1,31,8
2,1,6,84
2,2,13,28
1,2,18,14
2,2,25,51
1,1,27,10
2,2,13,95
2,2,9,13
2,1,18,67
2,2,19,18
2,2,33,55
1,1,7,8
1,1,17,33
2,2,5,62
2,2,7,80
1,1,13,30
1,2,8,75
2,2,21,41
2,1,10,34
2,1,6,20
2,2,13,16
1,1,15,20
1,2,24,5
2,1,6,95
1,2,10,58
1,2,12,22
1,2,18,27
1,1,13,19
2,1,28,18
2,1,36,6
2,2,15,10
2,2,9,32
1,2,8,77
1,2,16,85
2,2,17,10
1,1,9,80
2,1,10,79
2,1,20,10
2,1,8,32
1,1,15,34
1,1,19,27
2,2,11,91
1,1,3,30
1,1,9,74
2,1,4,33
1,2,22,18
2,1,14,3
1,1,17,18
2,1,14,5
1,2,32,22
1,1,11,14
2,1,10,86
2,1,12,22
2,1,12,84
2,2,25,10
1,1,11,22
2,1,12,5
2,2,13,27
1,1,19,6
2,1,8,70
2,1,6,19
1,2,14,9
1,2,8,56
2,1,10,19
2,1,12,28
2,1,16,17
2,1,16,18
1,1,15,18
1,1,15,19
2,2,11,13
1,2,10,5
1,1,5,37
2,2,11,63
2,1,22,8
2,2,17,31
2,2,17,10
2,2,15,29
2,1,12,4
2,1,6,21
1,1,17,6
2,2,5,107
2,2,15,27
2,2,11,21
2,2,15,14
2,2,11,10
1,1,25,19
1,2,6,30
2,2,9,96
1,2,16,18
1,2,4,27
1,2,20,35
1,1,1,95
2,1,14,18
1,1,7,49
2,1,4,80
1,2,16,21
1,2,8,59
2,1,22,3
2,2,7,81
2,2,11,9
1,1,13,7
2,2,19,10
1,2,16,82
2,1,18,37
1,1,43,18
1,2,8,21
2,2,11,96
1,1,7,16
1,2,22,9
1,2,12,13
1,1,9,13
2,1,16,21
2,1,26,0
1,2,12,4
1,2,12,68
2,1,10,45
2,1,10,18
1,2,14,84
1,1,17,3
1,1,11,9
1,2,6,103
2,1,14,22
2,2,15,30
1,2,6,43
1,2,14,10
2,2,9,71
1,1,7,89
1,1,11,78
1,2,12,22
1,1,11,10
2,1,34,10
1,1,7,76
1,1,19,20
1,2,10,89
2,2,3,55
1,1,13,69
1,2,30,69
2,2,15,9
2,1,16,25
1,2,2,29
2,1,26,10
2,2,19,6
1,2,14,10
1,1,31,10
1,1,19,10
2,2,5,23
2,2,11,19
1,1,9,25
2,1,16,31
2,2,11,48
1,1,13,10
2,1,26,10
2,2,25,10
1,2,18,15
1,2,22,15
2,2,21,0
1,1,11,98
2,1,16,47
1,1,15,31
2,1,12,22
1,1,13,12
2,2,31,10
2,1,8,9
1,1,7,9
2,2,17,86
2,2,13,3
1,2,22,26
2,2,9,100
2,1,10,22
2,2,15,10
2,1,14,9
2,1,14,99
2,2,11,54
2,2,21,22
1,1,19,46
1,1,13,37
1,1,7,46
2,2,15,24
1,2,20,44
2,2,17,10
1,1,15,8
2,1,22,30
2,2,9,93
1,2,12,27
2,1,4,68
2,2,7,33
1,1,15,105
2,2,11,30
2,2,13,65
2,1,12,10
1,1,19,22
2,2,5,78
2,1,14,22
2,1,10,103
1,1,39,2
2,1,22,10
1,2,20,4
1,2,14,10
1,2,14,21
2,1,12,8
1,2,14,94
1,1,13,20
2,2,19,23
2,2,7,81
1,1,13,68
2,2,5,96
1,1,9,75
2,1,28,10
2,1,16,17
2,2,15,38
2,2,7,31
2,1,8,3
2,1,14,103
1,1,3,45
2,2,17,53
1,2,6,20
1,2,8,13
1,2,10,80
2,1,20,68
2,1,6,24
2,1,8,52
2,1,20,53
1,2,4,30
1,2,4,108
2,1,20,10
2,1,18,80
1,2,22,16
2,1,12,30
2,2,5,98
2,1,8,54
2,2,13,10
1,1,13,25
1,2,22,29
1,1,13,10
2,1,10,26
1,1,17,47
2,2,13,79
1,2,26,30
2,1,10,10
2,1,16,9
2,1,10,66
2,2,11,28
1,1,9,26
2,1,32,30
2,2,13,22
2,1,16,84
1,2,20,7
2,1,10,10
1,1,3,21
1,2,24,79
2,2,13,10
1,1,11,83
1,1,5,89
2,2,1,85
1,2,14,10
1,2,4,72
1,1,9,34
2,2,21,15
2,2,23,21
1,2,12,43
1,2,8,88
1,1,5,76
2,1,18,76
2,2,13,96
2,1,8,15
1,2,16,22
1,1,9,96
1,1,7,100
2,1,22,8
2,2,9,73
1,2,12,19
1,2,24,95
2,1,16,10
1,1,17,17
2,2,9,101
1,1,11,24
2,1,16,73
1,2,22,3
1,1,17,96
2,1,14,43
1,2,8,38
2,2,3,96
1,2,14,26
1,1,17,9
1,2,26,10
2,2,13,33
1,2,10,41
1,1,13,45
2,1,10,43
2,2,33,2
2,2,13,6
1,1,13,72
2,2,11,33
1,1,15,2
2,2,29,40
1,2,12,111
1,1,5,104
2,2,21,10
2,1,8,64
1,1,23,10
1,2,10,88
1,2,16,4
1,2,8,23
2,1,10,3
1,2,30,94
1,1,13,91
1,2,14,5
2,2,17,8
2,1,22,10
1,1,9,25
1,2,26,22
1,2,8,32
2,1,10,2
2,1,20,10
1,2,24,75
1,2,14,79
1,2,18,8
2,2,9,79
1,2,4,34
2,2,9,44
2,1,18,8
1,1,9,10
1,1,9,38
2,2,25,18
2,1,26,30
1,2,14,86
1,2,10,36
2,2,13,17
1,2,8,5
2,1,18,63
2,1,12,45
2,1,12,13
2,2,5,90
2,1,18,74
1,1,15,32
2,2,19,0
2,1,16,37
1,1,19,3
1,1,15,72
1,2,10,30
2,1,4,89
2,2,3,64
1,1,23,5
1,2,14,80
1,2,10,7
1,1,17,38
1,1,13,8
1,1,3,35
2,1,10,30
1,1,17,21
1,1,17,42
1,1,9,8
1,1,3,73
2,2,11,75
2,2,9,14
2,2,15,21
2,2,15,89
2,2,19,25
1,1,25,2
1,1,15,59
2,1,6,21
1,1,15,7
1,2,16,83
1,1,9,52
2,1,6,10
1,2,16,62
1,1,17,16
1,2,16,10
2,2,5,72
2,1,14,3
1,2,14,6
1,1,23,16
2,1,20,20
1,2,14,100
2,1,8,89
1,2,28,2
1,1,13,100
1,2,8,21
2,2,11,29
1,2,28,72
1,1,17,36
2,1,16,4
1,2,14,47
2,1,8,82
1,2,16,50
1,2,6,79
1,1,17,29
2,2,11,100
2,1,18,68
1,1,11,79
2,2,19,28
2,2,5,87
2,1,14,75
2,1,6,26
2,1,10,10
1,1,21,10
2,1,6,9
1,1,29,62
2,1,6,8
2,1,20,6
1,2,16,30
2,1,12,4
1,2,24,40
2,1,14,20
1,2,16,97
2,2,19,7
1,2,14,2
1,2,16,5
2,2,15,87
2,1,18,10
1,1,25,61
2,1,14,4
1,1,19,10
1,1,17,14
2,1,2,83
1,1,3,100
1,2,18,45
1,1,13,28
1,1,9,79
1,2,10,58
2,2,23,7
2,2,35,7
2,1,10,14
1,2,16,21
1,2,12,10
2,2,1,93
1,2,12,24
1,1,9,10
1,1,15,40
2,2,9,80
1,2,12,18
2,2,7,82
1,1,9,70
1,2,12,45
2,2,15,13
2,1,12,5
1,1,27,10
2,2,5,114
1,1,27,9
2,1,2,23
2,2,11,10
2,1,2,45
2,1,8,106
2,1,12,15
2,2,17,12
1,2,30,10
1,1,17,17
2,2,29,10
2,2,15,107
1,2,14,89
2,1,12,19
2,2,7,21
1,2,14,93
1,1,11,10
1,1,5,65
2,2,9,41
1,1,11,15
2,1,22,10
2,2,15,16
2,2,9,65
1,1,7,98
2,2,19,10
2,1,6,86
2,2,13,35
2,1,36,28
2,2,5,43
1,2,16,22
1,1,13,35
1,1,19,24
2,1,18,53
1,1,9,105
1,2,10,24
1,2,38,3
1,1,17,28
1,1,7,2
2,1,8,45
2,1,4,21
1,1,9,29
1,1,21,5
1,2,16,47
1,1,11,9
2,1,20,21
1,1,7,61
1,1,13,20
1,1,7,27
2,2,7,20
2,2,11,8
1,1,19,16
2,1,22,4
2,1,4,49
1,2,14,19
1,2,18,80
2,1,24,0
2,2,17,6
2,2,21,7
1,1,15,10
1,1,9,10
1,2,10,23
2,1,16,15
1,2,12,20
2,2,17,48
1,1,13,13
2,1,10,82
2,1,16,19
2,2,13,76
1,1,19,10
2,1,10,17
1,2,18,100
1,2,14,78
2,1,42,11
1,2,14,30
1,2,16,16
1,2,6,38
2,1,22,48
2,1,16,10
1,1,19,34
1,1,15,83
1,2,18,11
1,2,12,66
1,1,15,17
2,1,12,26
1,2,12,38
1,1,23,34
1,1,17,85
2,2,9,75
2,1,16,19
2,2,7,3
2,1,8,87
1,1,5,88
2,1,14,31
1,1,21,12
1,1,7,29
2,1,6,71
2,2,9,49
1,2,10,93
1,1,9,24
1,1,13,37
1,1,13,23
2,1,6,15
2,2,23,26
2,1,6,86
1,1,19,19
1,1,11,15
2,1,18,42
2,2,7,64
1,1,27,9
2,1,6,33
2,1,10,2
2,1,16,38
2,1,18,38
1,2,14,10
2,1,10,3
1,1,17,77
2,2,3,81
2,2,3,79
2,2,35,25
2,2,17,10
1,2,4,87
2,2,23,11
1,1,23,9
2,2,19,30
2,1,10,30
2,1,22,83
1,1,11,39
2,2,13,17
2,1,12,32
2,1,22,2
1,2,26,23
2,1,30,3
1,1,13,32
2,2,19,26
2,2,7,31
1,2,8,96
1,1,23,10
2,1,32,5
1,2,32,10
1,2,14,9
2,1,18,12
1,1,9,82
2,2,7,20
2,2,31,0
1,2,14,64
2,1,20,53
1,1,15,55
2,2,9,15
2,1,18,18
1,1,13,10
1,1,11,74
1,2,10,40
2,2,9,73
2,2,5,100
1,2,8,25
2,1,8,78
1,2,20,10
2,2,17,17
1,1,21,83
1,2,12,36
2,1,20,10
2,2,23,25
1,2,12,63
1,1,15,95
1,1,3,12
1,1,27,18
2,1,18,65
1,1,7,40
2,2,11,83
1,1,11,87
2,2,25,38
1,2,6,88
1,1,15,60
2,1,4,51
1,2,10,20
2,2,9,23
1,2,6,34
1,2,26,14
2,2,11,27
2,2,15,58
2,2,19,29
2,2,11,54
1,2,16,11
2,1,24,5
1,2,6,22
1,2,12,5
1,2,14,18
1,2,24,3
2,1,14,39
2,1,12,17
2,1,10,83
1,2,14,25
1,1,5,64
1,1,9,26
2,2,29,12
2,2,1,85
2,2,19,2
1,2,18,20
1,2,6,43
2,2,23,9
1,2,8,110
2,1,16,5
1,2,12,42
2,2,13,30
2,2,23,59
1,2,18,17
1,1,13,26
2,1,20,10
2,2,17,10
1,2,14,3
2,2,7,17
2,1,16,10
2,2,13,76
1,1,17,42
1,1,13,100
2,2,9,95
1,2,18,55
2,1,18,24
2,2,3,87
2,1,14,32
1,2,30,16
1,2,12,55
2,2,7,42
1,1,15,30
2,2,3,81
2,1,14,25
1,1,21,50
2,1,10,75
1,1,7,82
1,1,9,44
1,1,13,8
1,1,25,3
1,2,34,10
1,2,12,0
1,2,14,5
1,2,12,46
1,2,10,10
2,1,10,25
1,2,30,16
1,1,19,10
1,2,20,30
2,1,8,105
2,2,7,101
1,1,9,17
2,2,15,98
1,1,13,8
1,1,23,18
2,1,18,25
2,1,30,24
1,1,19,41
1,1,13,31
2,2,7,89
1,1,21,14
2,2,23,71
1,2,24,7
2,1,18,10
1,1,23,41
2,2,7,18
1,1,13,66
2,1,14,57
2,2,5,18
2,2,23,12
1,2,28,16
2,1,16,24
2,1,12,19
2,2,17,3
1,2,24,2
1,1,19,30
1,1,25,20
2,1,8,30
1,2,18,39
1,2,14,64
1,2,6,12
2,2,13,27
1,1,3,72
1,2,8,6
2,2,13,9
2,1,10,32
2,1,4,95
1,1,7,12
2,2,29,10
2,2,9,9
2,2,21,20
1,1,19,62
2,2,21,15
2,1,16,25
1,2,20,62
2,2,19,11
2,2,15,17
1,1,21,19
2,2,11,48
2,1,14,5
2,1,18,15
1,1,23,36
1,1,21,3
2,2,9,26
2,2,13,10
1,1,15,99
1,2,16,27
1,1,7,3
1,1,11,15
2,1,22,10
2,1,16,15
1,2,20,13
2,2,3,94
2,2,25,10
1,2,14,26
2,2,11,6
2,2,27,10
1,2,16,5
2,1,16,76
2,2,13,23
1,2,18,79
1,1,25,9
1,2,22,20
2,2,5,53
1,2,6,18
2,2,11,94
2,2,15,20
1,1,17,13
2,2,21,3
1,2,14,5
1,2,12,21
2,1,16,39
1,2,18,10
2,2,15,22
1,1,15,9
1,1,23,18
2,2,15,3
1,2,10,5
2,2,7,52
2,2,3,93
1,2,4,89
1,1,7,109
2,1,6,37
2,2,5,83
1,2,8,61
1,1,7,75
1,2,6,88
2,2,25,38
2,2,5,35
2,2,9,32
1,2,24,18
1,1,7,32
2,1,14,11
2,2,21,13
1,2,8,13
2,2,3,73
2,2,3,32
2,2,25,66
1,1,13,90
2,1,20,10
1,1,11,9
1,1,7,35
1,2,16,5
2,1,16,8
1,2,6,49
2,1,12,80
2,1,6,36
1,2,12,25
2,1,6,32
1,1,13,51
2,1,12,27
1,2,18,67
1,2,16,21
1,1,9,98
2,2,5,15
2,1,10,48
2,1,14,35
1,2,28,71
2,1,6,85
2,2,5,16
1,2,8,12
1,2,14,74
2,1,34,10
2,1,22,8
1,2,18,20
2,2,9,76
2,2,13,29
1,2,10,100
1,1,9,2
2,2,21,10
2,2,5,41
1,1,5,35
2,1,36,13
2,1,10,25
2,2,7,78
2,1,10,32
2,2,9,44
1,2,18,25
2,2,15,28
2,2,11,29
1,2,6,76
2,1,18,19
2,2,15,46
2,2,9,83
2,2,9,34
1,2,8,12
1,2,6,104
2,1,10,101
1,1,11,32
2,1,30,10
1,1,21,10
2,1,10,10
1,1,11,75
2,2,21,10
1,1,17,39
1,2,4,101
1,2,18,17
1,1,19,10
1,2,30,22
1,2,16,35
2,1,4,82
1,1,15,23
2,2,29,25
2,2,19,26
1,1,23,48
1,2,6,78
1,2,18,2
1,2,10,62
1,2,20,29
2,2,13,29
2,2,9,68
2,1,6,89
2,1,12,43
1,2,10,25
1,2,14,11
2,1,10,46
1,1,17,12
1,1,7,20
1,1,11,10
1,1,9,84
2,2,23,10
1,1,17,28
2,1,2,81
2,2,11,104
2,1,12,19
2,2,5,12
2,2,7,102
1,2,12,63
1,1,7,38
1,1,9,37
2,2,15,12
2,1,18,91
1,1,13,50
1,2,18,6
2,2,9,22
2,1,14,102
1,1,25,25
1,1,13,10
1,2,20,7
2,1,6,103
1,2,26,80
2,1,10,22
2,1,14,47
1,1,11,16
1,1,13,74
2,1,8,44
1,1,11,79
1,2,14,22
2,1,12,9
2,2,7,22
1,2,12,100
2,1,8,89
1,2,12,10
1,1,3,53
1,2,10,24
2,1,14,12
2,2,15,35
2,1,16,10
2,1,2,5
1,1,9,73
1,1,13,55
2,2,9,11
1,1,5,92
1,1,31,3
1,2,8,65
2,2,5,78
1,1,11,41
2,2,3,42
1,2,10,41
1,2,34,10
1,2,2,3
2,2,15,13
2,1,18,18
1,1,7,58
2,2,25,88
1,1,11,72
2,1,32,9
1,1,17,18
1,2,14,36
2,2,17,30
2,1,20,2
2,1,2,20
2,2,7,28
1,2,14,16
1,2,10,26
2,1,18,84
1,2,8,16
1,1,15,22
2,1,20,29
2,1,16,10
2,1,12,23
2,2,15,26
1,2,18,9
2,2,15,7
2,1,12,27
2,2,5,91
1,2,2,51
1,2,18,89
2,1,10,3
1,2,12,99
1,2,8,26
2,1,26,44
2,1,6,84
1,2,12,9
2,2,17,2
2,2,11,45
2,2,17,10
1,1,15,33
1,2,4,96
2,2,17,2
2,1,8,99
1,2,2,82
2,2,19,19
1,2,14,10
2,2,15,29
1,2,14,11
1,1,9,29
1,2,26,10
2,2,5,15
2,1,6,47
2,2,11,8
1,1,5,94
1,1,21,19
1,2,18,30
2,1,22,8
1,1,15,28
2,2,13,25
2,2,15,47
1,2,8,22
1,1,15,26
1,2,20,21
2,2,7,16
1,1,5,10
1,1,21,73
1,1,21,25
1,2,6,79
1,2,18,10
2,2,27,61
1,2,12,100
2,1,2,37
2,1,12,10
1,2,16,37
1,2,18,74
2,2,7,28
2,2,11,41
2,2,21,18
1,1,35,2
1,2,4,74
2,1,22,10
2,1,6,14
2,1,12,18
2,1,20,23
1,1,9,15
2,2,19,6
1,1,13,26
1,1,7,81
1,2,24,63
1,2,16,80
2,2,13,10
2,1,18,23
2,2,5,76
1,2,8,45
2,2,7,30
2,2,11,12
2,1,16,23
2,2,13,55
2,2,17,10
2,2,9,28
2,1,24,20
2,1,6,68
1,1,17,93
1,2,24,3
2,1,8,87
1,2,6,78
1,1,13,20
2,1,8,29
1,1,37,10
2,1,14,18
1,1,25,9
1,1,29,15
2,2,15,10
2,2,17,30
1,2,10,19
2,2,19,7
2,2,23,39
1,2,8,24
2,2,13,32
1,2,14,11
1,2,6,35
1,1,23,10
2,1,6,94
1,1,17,46
2,2,5,99
2,2,11,92
1,1,11,84
2,2,9,102
1,1,15,6
1,2,4,92
2,2,15,10
1,2,10,15
1,1,3,65
1,1,9,10
2,2,9,96
1,1,5,26
2,2,5,39
1,2,12,30
2,2,19,26
2,1,12,44
1,2,6,82
2,2,9,89
1,2,4,25
2,2,13,103
1,1,7,48
1,1,5,24
2,2,13,15
2,2,17,23
1,2,18,17
2,1,38,3
2,2,15,54
2,1,8,2
2,1,6,22
2,1,16,23
2,2,17,9
1,1,37,6
2,2,17,29
1,1,21,5
2,1,8,98
2,1,24,27
1,2,20,80
2,2,7,99
2,2,39,81
1,1,9,28
2,2,13,66
1,1,27,20
2,2,17,30
2,2,11,22
1,1,15,17
1,2,20,16
1,2,8,19
2,2,17,8
1,2,14,14
1,1,15,37
2,1,6,70
2,1,18,6
2,2,13,10
1,1,23,23
1,2,14,9
1,2,18,10
1,1,15,8
1,2,24,63
1,1,7,73
1,2,8,77
1,1,7,94
2,2,11,10
1,2,18,23
2,2,19,2
1,1,13,30
2,1,18,11
1,2,30,15
2,1,22,10
1,1,23,32
1,1,27,7
1,2,4,76
2,1,18,10
1,2,16,8
2,1,14,22
2,1,20,14
1,2,20,93
1,2,26,9
2,1,16,25
2,1,28,10
2,1,12,35
1,2,12,20
1,2,20,17
1,1,17,10
1,1,29,6
1,2,2,109
2,1,12,0
1,1,11,33
1,1,21,10
2,2,15,54
1,2,20,11
1,2,16,30
1,1,17,53
2,1,4,98
1,1,3,59
2,1,10,24
1,1,5,7
2,2,33,30
2,1,12,10
1,1,15,41
1,2,24,10
2,2,9,106
2,1,14,49
1,2,18,25
1,1,15,57
1,2,24,17
2,2,31,5
2,2,5,89
2,2,7,98
2,1,10,91
2,2,15,79
1,2,16,75
2,2,5,13
2,2,7,80
1,1,15,21
2,2,13,17
1,1,13,98
1,1,9,45
1,2,16,29
1,1,37,8
2,1,16,74
2,2,37,82
1,1,17,30
1,2,10,21
1,2,24,7
2,2,17,16
1,2,2,98
1,2,24,78
2,2,17,23
1,2,30,10
1,2,6,82
2,2,7,9
2,1,16,7
1,1,9,10
2,1,10,7
1,1,21,36
1,1,9,2
1,2,10,20
2,2,25,10
1,1,27,97
1,1,11,3
2,1,8,76
1,2,12,23
1,2,22,13
2,2,9,10
2,1,22,41
1,1,5,79
1,1,13,10
2,2,15,17
1,2,14,2
1,1,5,3
2,1,16,84
2,1,10,22
2,1,12,21
1,1,11,46
1,1,11,21
2,1,14,39
2,1,12,39
1,1,25,13
1,1,7,17
2,1,30,10
2,1,26,16
2,1,8,32
2,2,29,2
1,2,8,31
2,2,5,100
2,1,16,29
1,2,22,38
1,1,3,75
1,1,25,14
2,2,13,96
2,1,14,24
1,1,5,53
1,1,15,78
1,1,11,33
1,1,11,27
2,1,14,12
2,2,23,43
1,2,12,15
2,2,7,83
2,2,11,14
1,2,26,20
2,2,15,6
2,1,6,35
1,2,18,55
2,1,6,24
2,2,9,25
1,1,11,83
1,1,9,27
2,2,13,49
2,1,22,85
2,1,6,68
1,2,8,15
1,2,26,12
2,2,9,60
2,1,24,69
2,1,4,79
2,2,17,21
1,1,17,11
1,1,25,3
1,1,17,39
2,2,23,66
2,2,39,10
1,1,13,7
1,2,20,62
1,2,14,35
2,2,7,39
2,2,25,68
1,2,16,23
1,2,20,69
1,2,20,19
2,2,11,8
1,1,11,18
1,2,8,19
2,2,23,6
1,1,7,3
1,1,23,29
1,2,24,9
1,1,19,41
1,1,11,24
1,2,14,41
1,1,13,83
2,1,10,87
1,2,8,44
2,2,13,11
2,2,17,17
2,2,25,35
2,2,11,90
1,2,28,16
1,2,18,10
1,2,8,32
1,2,20,47
1,2,12,81
1,1,15,6
2,2,9,23
1,2,16,42
1,2,8,85
1,1,19,24
1,1,13,45
2,1,28,10
1,2,24,89
1,1,3,100
1,2,6,75
2,2,3,31
1,1,9,78
1,1,15,40
2,2,11,76
2,1,14,19
1,1,11,82
1,2,16,16
2,1,28,10
2,2,13,49
2,1,16,53
1,1,5,24
1,2,10,20
2,2,7,73
2,2,15,72
1,2,24,12
2,1,20,10
1,1,9,9
2,1,16,79
2,1,10,20
1,2,12,43
2,1,16,29
2,2,21,17
1,1,15,22
2,1,12,14
2,1,4,81
2,1,4,33
1,1,5,96
1,2,18,65
1,1,25,3
2,2,13,17
2,2,31,10
2,2,15,20
2,2,13,10
2,2,9,27
1,1,13,29
1,1,11,82
1,2,24,76
2,2,3,9
2,1,26,8
1,2,14,25
2,2,5,22
2,1,6,17
1,1,9,101
1,1,7,32
2,1,14,10
1,1,13,3
2,1,10,40
1,2,20,89
1,2,8,37
2,1,4,57
2,2,11,10
2,1,28,21
1,1,21,10
2,2,17,3
1,1,3,64
2,1,14,19
2,2,13,25
2,2,23,17
2,1,10,78
2,2,19,10
2,2,9,37
2,2,15,50
2,1,14,18
2,1,4,105
1,2,8,63
2,1,18,10
1,2,18,13
2,1,26,2
1,1,5,81
2,1,8,30
1,1,9,85
2,2,19,83
1,2,18,10
2,2,35,6
2,1,8,56
2,2,25,3
1,2,14,22
1,2,26,12
1,1,13,16
2,2,5,90
1,1,13,12
2,2,21,70
1,1,13,87
2,2,23,62
2,2,7,52
1,2,18,10
2,2,17,14
1,1,27,2
1,1,9,39
2,2,7,105
1,2,14,6
1,2,12,19
2,2,3,10
2,2,19,22
1,1,11,30
1,1,13,30
2,1,14,19
2,2,23,75
1,1,23,8
2,2,29,3
1,1,13,75
2,2,17,24
2,1,14,10
2,1,16,0
2,2,33,25
1,2,8,10
1,2,12,14
2,2,7,26
2,2,17,3
1,2,20,5
1,1,15,70
2,2,21,3
1,1,17,20
1,2,28,18
1,1,19,21
2,1,18,95
1,2,12,46
1,2,6,31
2,2,25,8
2,2,13,15
2,2,19,90
1,1,11,22
1,1,17,26
2,2,11,54
2,1,38,54
1,1,7,87
2,2,9,45
2,2,15,3
1,1,31,10
1,1,19,61
1,2,18,27
2,2,9,3
1,2,12,5
1,1,17,26
1,1,13,49
1,1,7,30
1,2,12,39
1,1,9,84
2,2,5,32
1,1,21,8
1,2,18,59
1,2,10,8
1,1,19,23
1,2,2,34
1,2,10,88
1,1,9,17
2,2,3,19
1,1,5,41
2,1,12,17
2,2,17,87
1,1,3,99
2,2,15,9
1,1,15,3
2,1,16,12
2,1,34,75
2,1,30,30
2,1,24,8
1,2,30,2
1,2,16,10
1,2,18,16
2,2,5,65
2,1,8,84
1,2,10,72
1,2,14,7
2,2,11,27
2,1,18,87
2,2,5,6
2,1,20,7
1,1,13,10
2,2,19,27
2,2,27,14
2,1,26,23
2,2,5,20
1,1,11,47
1,1,15,42
1,1,27,4
1,1,25,3
2,2,13,20
2,1,14,6
2,2,25,10
2,2,17,0
2,1,2,70
2,1,8,11
1,2,8,2
1,2,16,69
2,1,22,2
2,2,17,11
1,1,5,72
1,1,23,16
1,2,20,10
2,1,6,75
1,1,5,45
1,1,9,86
1,1,13,26
2,2,13,23
1,2,22,56
2,2,11,55
1,2,14,7
1,1,21,11
1,1,9,20
2,1,16,17
1,1,19,47
2,1,10,22
2,2,9,71
1,1,19,2
2,1,12,8
1,2,12,15
1,2,14,16
2,2,11,8
1,1,31,62
1,2,14,2
2,2,15,54
1,2,24,0
2,2,17,2
2,2,11,23
2,1,4,82
1,1,13,98
2,1,22,10
2,2,9,71
2,2,19,27
2,2,9,18
2,1,12,33
1,1,13,90
1,2,6,46
2,1,14,10
1,2,14,6
1,1,19,11
1,1,19,21
2,1,14,20
2,2,17,17
2,1,6,76
2,1,8,10
1,2,14,85
1,1,9,24
2,1,10,9
2,1,16,5
1,1,11,24
2,1,4,103
1,1,29,8
2,2,21,12
1,1,13,89
2,2,19,8
2,2,25,10
2,1,12,22
2,1,12,8
1,2,28,4
2,2,11,71
1,1,9,12
2,2,19,65
1,1,9,78
2,2,17,64
1,2,10,73
1,2,4,88
2,1,10,20
2,2,3,74
1,2,12,10
1,2,22,7
1,2,4,49
2,1,16,104
2,1,10,99
2,1,10,78
2,2,5,88
1,2,26,16
2,1,24,27
1,2,6,56
1,1,19,11
2,2,13,6
1,1,17,20
1,1,15,19
1,2,30,8
1,2,14,8
2,1,8,73
2,1,16,19
1,1,19,4
2,1,20,19
2,1,16,22
2,1,12,32
2,1,22,16
1,2,8,96
2,2,9,7
2,1,10,88
1,2,20,30
1,2,28,70
2,1,18,66
1,2,10,17
2,2,7,47
1,2,6,8
2,1,20,13
2,2,9,52
2,1,14,23
2,2,15,27
1,2,22,12
1,1,7,89
1,2,2,87
2,1,10,12
2,1,20,17
1,1,13,10
2,2,7,22
1,2,6,9
1,1,23,85
1,2,18,23
1,2,18,2
2,2,17,12
1,2,24,10
1,2,20,21
2,2,11,85
1,2,20,78
1,2,10,24
2,2,9,86
2,2,9,12
1,1,15,12
1,1,15,84
1,2,10,8
1,2,34,8
2,1,12,42
2,1,10,96
1,1,17,4
1,2,30,16
1,1,11,7
2,1,8,56
2,2,15,13
1,2,14,12
2,2,21,10
1,2,22,94
1,1,17,4
2,2,13,40
1,1,3,45
2,1,2,17
1,1,9,64
2,1,28,14
1,2,26,13
1,1,29,16
1,1,5,46
1,1,11,82
2,2,11,39
2,1,10,31
2,1,20,5
2,1,12,4
1,1,15,12
1,2,24,13
1,2,12,12
1,2,14,17
2,1,12,10
1,2,14,36
1,2,14,80
1,1,5,103
1,1,3,22
1,1,23,49
2,1,10,38
2,1,16,30
1,1,5,40
2,1,26,4
1,1,15,17
1,2,4,79
1,2,26,31
1,2,10,14
2,1,2,82
1,1,5,24
2,2,15,63
2,1,14,13
2,1,22,2
1,1,7,84
2,1,4,57
1,2,10,99
2,1,12,50
1,2,6,42
1,2,8,83
1,1,11,10
2,2,5,81
2,1,8,9
1,2,8,34
2,1,14,12
1,2,24,14
1,2,14,10
2,2,25,109
2,2,25,16
2,2,9,42
1,2,16,72
1,1,11,25
1,2,24,12
2,2,7,64
1,2,14,10
1,1,13,28
2,1,8,97
1,1,17,18
2,1,20,19
1,2,16,16
2,2,13,72
2,1,14,22
2,2,3,84
2,1,24,29
2,2,7,17
2,1,4,69
2,1,10,10
2,2,13,65
1,1,3,94
2,2,11,37
2,2,5,82
2,1,4,96
1,2,8,62
2,2,9,10
1,2,14,19
1,2,22,88
2,2,29,8
2,2,13,51
2,2,3,90
2,1,10,21
2,1,30,5
1,1,17,41
1,2,22,6
2,2,13,21
1,2,12,86
1,1,9,18
2,2,13,10
1,1,19,19
1,1,15,67
1,2,8,58
2,1,6,6
1,1,13,6
1,2,6,120
1,1,11,2
1,2,8,7
2,1,24,17
1,1,21,73
1,1,5,62
1,1,15,74
1,2,20,14
1,2,18,3
1,2,34,67
2,1,12,38
2,1,8,84
2,2,3,96
1,2,6,82
1,2,10,23
2,1,8,88
2,2,5,57
2,1,14,70
1,1,11,114
1,1,27,7
2,2,21,13
1,2,12,20
1,1,11,7
2,1,10,32
1,2,16,20
1,2,14,14
1,1,19,15
1,1,3,77
2,2,21,3
2,1,34,48
2,2,29,40
2,1,22,10
2,2,13,11
2,2,19,22
1,2,14,14
2,1,24,2
1,1,11,86
1,1,11,99
2,2,13,22
1,1,11,32
2,2,11,24
1,1,27,3
2,2,23,10
1,1,27,10
2,1,24,10
2,2,5,79
2,1,16,3
1,1,7,10
1,1,15,18
2,2,9,40
1,2,14,2
1,1,21,27
1,1,7,20
1,2,6,81
2,1,16,10
2,2,11,7
1,1,35,2
1,1,11,82
2,1,4,80
2,2,13,0
2,2,27,29
2,2,11,82
1,1,13,17
2,2,19,19
1,2,10,73
1,2,8,93
2,2,15,22
1,2,14,2
1,1,17,7
1,1,9,47
2,1,24,10
2,1,24,23
2,2,15,57
2,1,8,10
2,2,19,7
1,2,16,7
2,1,20,76
2,1,10,8
1,2,14,8
2,2,17,2
2,1,10,3
2,1,10,39
2,1,10,7
1,1,9,92
1,1,19,10
2,1,30,10
2,1,14,18
2,2,15,55
2,1,16,5
1,1,9,97
1,2,16,7
1,1,11,5
2,1,24,84
1,1,17,91
1,1,19,14
1,2,8,91
1,2,12,66
1,2,18,19
1,2,10,20
2,1,24,10
2,1,10,24
2,2,7,100
2,2,9,20
2,2,19,10
1,1,7,8
2,2,1,90
2,2,17,73
1,1,1,85
2,1,8,81
1,2,16,48
2,2,9,10
1,1,29,10
2,2,5,92
1,2,30,10
2,2,11,86
2,2,11,80
1,2,14,40
1,2,8,23
2,2,17,6
1,2,14,3
1,1,13,61
1,2,8,54
1,1,9,8
2,1,12,5
2,2,15,20
2,1,8,43
1,1,5,63
2,1,10,32
2,2,17,60
1,1,13,78
1,2,34,12
1,1,7,17
2,1,22,30
1,2,12,27
2,1,6,96
1,2,28,19
1,2,14,27
1,2,22,5
1,1,19,30
1,1,13,21
1,1,13,18
2,1,10,16
1,2,12,16
1,1,7,62
2,2,1,89
2,1,8,106
2,2,13,31
2,2,5,48
1,1,17,18
2,1,4,41
1,1,27,23
1,2,10,25
1,1,17,12
1,1,15,20
1,1,9,41
2,2,13,22
2,2,17,58
1,2,10,27
2,2,27,9
1,2,6,93
2,2,7,89
2,2,17,10
2,2,21,15
1,1,7,67
2,2,23,101
2,1,24,6
2,1,8,77
1,2,4,76
2,2,7,78
1,2,22,20
2,1,14,54
1,1,13,2
2,2,13,17
2,1,20,14
1,1,23,16
1,1,11,12
1,1,9,86
1,1,21,17
1,1,5,83
1,2,16,15
2,2,9,95
2,1,24,30
2,2,9,51
2,1,6,87
1,1,11,73
2,1,16,10
2,2,15,17
2,2,9,42
1,2,16,51
2,2,9,36
1,1,9,82
1,1,11,88
1,1,7,79
2,1,18,10
1,1,3,81
2,2,21,35
1,2,18,9
2,2,13,20
1,2,12,29
1,1,5,38
2,2,5,98
1,2,14,13
1,2,10,45
2,1,14,0
1,1,7,15
1,1,11,15
1,1,33,12
1,2,6,9
1,2,14,2
1,1,25,5
1,1,3,107
2,2,13,45
2,1,10,72
2,1,4,56
1,1,21,91
1,2,6,95
2,2,11,74
2,1,18,24
1,2,4,67
1,1,7,2
2,2,7,23
1,2,20,62
2,2,11,36
1,2,18,30
2,2,9,15
2,2,7,83
2,2,7,91
2,1,22,83
1,1,17,10
2,2,7,91
2,1,6,43
1,2,10,3
2,2,23,10
1,1,17,10
1,1,31,6
1,1,13,2
1,2,8,12
1,1,15,30
2,2,9,21
1,2,10,32
1,2,28,7
2,1,14,77
1,1,9,40
1,2,14,25
1,2,14,82
2,2,17,7
1,2,16,12
2,2,19,15
2,2,21,7
2,1,22,10
2,2,5,58
1,2,12,10
1,2,12,26
2,2,5,56
2,1,12,25
1,1,5,71
1,1,21,10
1,2,14,37
2,1,10,10
1,1,3,58
2,1,16,92
2,2,13,82
1,2,10,33
1,1,7,49
2,2,21,42
1,1,17,6
2,1,16,95
2,1,16,19
2,2,19,26
2,2,5,82
2,1,12,66
1,1,15,2
2,2,13,18
1,1,25,10
2,2,19,23
1,1,9,14
1,1,3,14
1,1,19,48
2,2,5,95
1,1,13,25
1,1,11,81
2,1,10,10
2,1,12,10
1,1,11,100
2,2,15,40
1,2,8,78
2,1,12,7
1,2,8,89
2,1,10,22
2,1,16,14
1,2,26,43
1,2,4,34
2,1,28,6
1,1,17,20
2,2,9,23
2,2,7,78
1,2,6,15
1,1,13,78
2,2,31,2
1,1,19,8
1,1,25,86
2,2,15,0
1,2,8,80
1,2,12,18
1,2,14,10
2,2,15,10
1,1,11,44
1,1,15,3
2,1,20,28
1,2,18,7
2,2,29,10
1,1,11,88
1,2,10,16
2,1,6,71
2,2,13,8
1,1,7,10
1,2,24,21
2,2,5,21
2,2,23,26
1,2,26,13
2,1,18,19
1,2,6,16
1,1,9,33
2,1,18,81
1,1,13,33
2,2,11,49
2,1,30,20
1,2,10,74
2,1,20,4
1,2,6,27
1,1,9,2
1,1,5,94
1,1,11,45
1,1,13,51
1,2,16,5
1,2,12,44
1,2,30,26
1,2,12,5
1,1,11,103
1,1,13,7
1,1,15,17
1,2,16,3
2,1,28,6
2,2,23,12
2,1,26,7
2,1,6,53
1,2,8,27
1,2,10,82
2,2,23,47
2,1,12,83
2,2,41,7
2,1,14,25
1,1,17,19
2,2,3,50
1,1,11,30
1,2,6,86
1,2,38,7
1,2,16,21
2,2,7,117
1,2,22,19
2,2,19,10
1,1,11,9
2,2,21,86
1,2,16,5
1,2,16,21
1,1,27,17
2,2,9,10
1,1,7,77
1,2,10,2
1,1,9,22
1,1,11,12
1,2,32,20
2,1,12,30
2,2,21,84
2,2,13,31
1,2,12,51
2,1,14,36
2,1,14,2
1,1,13,35
2,2,9,93
1,2,22,7
1,1,19,10
1,2,14,29
1,1,13,25
2,2,13,7
1,2,8,82
1,1,9,91
2,1,26,10
1,2,8,64
1,2,18,8
1,1,5,20
1,2,10,10
2,2,17,10
2,2,21,23
1,2,14,80
2,2,15,7
1,1,7,94
2,2,19,15
2,2,3,54
2,1,8,73
1,1,15,35
2,2,17,57
2,2,11,40
1,1,29,17
1,1,9,33
2,2,7,41
1,2,16,105
1,2,24,2
1,1,9,13
2,1,12,85
2,1,8,78
2,1,12,29
2,1,14,18
1,2,16,27
1,2,16,23
1,1,5,46
1,2,8,90
2,2,13,82
2,2,19,3
1,2,6,21
1,1,7,24
2,2,11,9
1,1,13,38
1,2,18,14
2,2,13,49
1,1,21,67
2,2,23,15
1,2,16,43
1,1,13,10
1,2,26,9
1,1,21,22
2,2,23,7
2,2,15,20
2,1,8,84
2,2,5,84
1,2,8,7
1,2,20,35
1,1,15,7
2,1,14,13
1,1,27,33
1,1,7,28
1,2,6,76
2,1,8,76
2,2,13,81
2,2,13,25
1,1,21,92
2,2,7,101
1,2,10,90
1,1,23,4
2,1,8,44
2,2,17,10
2,1,16,46
1,1,15,98
2,1,14,0
1,1,9,10
2,2,7,83
1,2,6,106
1,1,15,10
2,2,9,22
2,1,10,6
2,2,19,10
2,1,10,24
2,2,5,69
1,2,20,95
2,1,34,9
2,2,3,88
1,1,9,89
1,1,13,6
1,1,5,71
2,1,8,17
2,1,14,16
1,1,21,2
2,2,7,64
2,2,9,26
2,2,11,77
1,2,22,9
1,1,9,20
2,2,15,21
2,1,6,81
2,2,7,58
1,1,11,13
2,1,12,19
1,1,7,17
1,1,9,30
1,1,5,100
2,1,20,30
1,1,21,56
2,1,14,10
1,1,11,44
2,1,12,66
1,2,10,2
2,1,16,9
1,1,17,74
1,1,13,5
2,2,13,31
2,1,10,26
1,2,26,12
2,1,32,30
1,1,11,18
1,1,9,114
2,1,10,38
2,1,24,8
1,2,22,18
2,1,22,20
1,1,25,19
2,2,9,41
1,2,12,15
2,1,8,81
1,2,22,2
2,2,7,86
2,2,13,21
2,2,17,22
2,2,13,41
1,2,16,76
1,2,14,9
1,1,9,82
1,2,20,105
2,2,19,20
2,1,6,54
1,2,14,2
2,1,12,8
2,1,10,5
2,1,20,10
1,1,15,7
1,1,9,83
1,1,13,2
1,2,12,22
2,2,11,10
2,2,17,31
1,2,12,24
2,2,19,6
1,1,13,23
1,1,5,26
2,1,42,29
1,1,5,102
2,2,21,89
1,2,14,21
1,2,22,10
2,1,14,35
2,2,3,94
1,2,14,14
2,1,32,0
1,1,11,27
1,2,12,82
2,2,3,74
2,2,19,30
1,1,9,55
1,2,20,10
1,2,6,39
1,1,17,31
2,2,21,10
2,1,8,86
1,1,25,10
2,1,4,39
1,1,3,46
1,2,14,18
2,1,16,15
2,1,14,10
1,2,24,2
1,2,14,14
2,1,16,3
1,1,13,20
2,1,10,6
1,1,21,16
1,1,25,30
1,2,2,105
1,1,27,9
1,1,25,3
2,1,16,86
2,2,15,17
2,2,23,10
2,2,7,53
1,1,25,14
2,1,14,75
2,1,6,59
2,2,15,32
2,2,25,63
2,2,13,73
2,1,8,44
1,1,5,70
2,2,17,48
2,2,3,77
1,2,16,15
1,1,5,46
2,1,22,12
2,2,19,88
1,1,9,78
1,2,10,24
2,1,12,99
1,1,19,8
1,2,10,27
2,2,3,104
1,1,7,50
1,2,10,10
2,2,13,25
2,2,3,49
1,2,4,101
2,2,11,13
1,1,13,7
2,1,26,14
1,1,13,14
2,2,7,83
2,2,29,10
1,1,17,90
1,1,7,68
1,2,16,15
1,2,14,27
2,1,26,70
1,2,10,33
2,1,28,30
1,1,11,23
2,1,20,10
2,1,24,80
1,1,23,3
2,2,13,48
1,1,17,85
1,1,5,42
1,1,9,54
1,1,19,18
1,1,15,102
1,1,17,10
1,2,16,95
1,1,17,18
1,2,8,101
1,2,8,4
1,1,13,90
2,1,14,66
1,2,18,10
1,2,14,2
1,2,6,98
2,2,15,10
1,2,10,19
1,2,8,95
2,2,15,29
2,2,11,51
1,2,24,26
2,1,14,25
1,1,13,87
2,2,33,15
1,2,20,87
1,2,18,25
1,2,10,42
1,1,19,6
2,1,16,29
1,2,14,59
1,1,15,21
2,2,9,45
1,1,11,3
2,2,7,11
2,1,8,24
2,1,4,76
2,1,14,27
2,2,9,79
2,1,12,63
2,1,12,8
2,2,13,71
1,1,13,96
1,2,20,10
1,1,23,83
2,2,17,10
1,2,34,8
1,1,25,10
2,1,8,15
2,1,14,9
1,1,3,97
1,2,12,98
2,2,9,28
2,1,10,62
1,1,17,24
1,1,23,14
1,1,7,12
2,1,26,91
1,1,1,91
1,1,17,28
2,2,13,62
2,1,10,14
2,2,29,63
1,2,14,19
1,2,14,65
2,2,27,10
2,1,16,22
1,2,12,14
1,2,10,4
1,1,11,98
1,1,13,17
1,2,20,6
2,1,10,95
1,1,11,80
1,2,8,17
2,1,18,6
2,2,15,5
2,2,7,47
1,1,13,30
1,1,17,10
1,2,4,110
1,1,19,20
1,2,10,83
1,1,11,79
2,2,21,71
2,2,9,15
1,1,23,50
1,2,8,6
1,1,11,44
2,2,5,77
2,2,3,86
2,1,12,83
1,2,12,12
1,2,12,69
2,2,13,29
2,2,7,53
1,1,13,15
2,2,17,2
2,1,10,10
1,1,13,10
2,1,16,16
2,2,7,36
1,2,18,2
2,2,15,3
1,2,20,23
2,2,9,57
1,1,13,50
1,2,6,90
2,2,7,54
1,2,24,73
2,2,11,54
1,2,8,86
2,1,12,105
1,1,15,49
1,1,11,43
1,1,7,88
1,1,13,96
2,1,16,10
1,2,16,29
1,1,5,61
1,1,17,76
2,1,20,5
1,2,22,21
1,1,13,18
2,1,8,101
1,1,5,45
1,2,26,15
1,1,9,5
2,2,33,19
1,2,22,4
1,2,14,67
2,2,21,8
1,2,34,10
2,2,13,98
1,1,3,88
2,2,19,17
2,1,22,38
2,2,11,13
1,2,12,2
2,1,16,8
1,1,21,23
2,1,28,10
1,1,9,10
1,2,18,12
1,1,11,68
2,1,26,7
1,1,9,34
2,2,9,80
1,2,8,62
1,1,7,77
2,2,11,86
2,2,5,99
1,2,10,23
2,1,6,6
1,1,25,7
2,2,11,12
1,1,19,0
1,1,29,9
2,2,9,90
1,1,5,97
2,2,21,75
2,2,15,4
2,1,12,10
1,1,21,4
1,2,26,5
1,1,5,95
1,1,7,11
1,1,9,53
1,2,16,10
2,2,11,25
1,1,9,18
1,1,15,22
2,2,7,8
2,2,9,22
2,2,11,55
2,2,11,22
1,1,17,11
1,2,10,61
1,2,14,50
2,2,37,8
1,1,7,44
1,2,10,82
2,2,11,41
1,1,15,49
1,2,12,41
2,2,9,25
1,2,14,10
1,2,14,37
1,1,19,10
1,2,18,13
1,1,19,73
1,1,19,20
2,2,9,89
2,2,5,44
1,1,17,2
2,1,12,14
1,2,6,93
1,1,11,14
1,2,22,10
1,1,31,22
2,1,16,44
2,1,14,36
1,1,13,23
1,1,19,12
2,2,9,41
2,1,12,45
1,1,13,96
2,2,13,91
1,2,10,79
1,1,15,14
1,2,24,13
2,2,17,10
2,2,11,30
1,2,18,2
1,2,18,27
2,2,29,0
2,2,21,0
2,2,11,97
2,2,11,3
1,2,14,10
2,1,22,95
1,2,4,2
2,1,26,74
1,2,26,2
1,1,13,5
2,1,10,19
1,2,14,60
2,2,13,76
2,2,23,10
2,1,10,8
2,2,3,11
1,2,24,6
2,1,12,98
1,1,31,10
1,2,6,88
2,2,21,21
2,1,14,6
2,2,11,17
2,2,5,82
1,2,14,8
2,2,5,92
1,2,10,2
2,2,11,31
2,2,5,39
1,1,9,10
1,1,21,10
2,1,12,3
1,2,12,49
1,1,15,10
1,1,23,67
2,1,30,0
2,2,9,74
1,1,15,10
1,1,7,63
1,2,8,16
1,2,14,13
1,2,32,2
2,2,13,27
2,1,16,20
2,1,8,17
2,2,13,84
1,2,22,10
2,2,17,7
2,2,19,43
1,1,9,65
1,1,13,8
1,2,12,37
1,1,17,79
1,1,23,23
2,2,15,13
2,2,21,25
1,1,17,22
1,1,21,6
2,2,13,8
1,2,18,79
2,2,21,10
1,1,7,63
1,1,9,67
1,1,13,65
2,2,11,58
1,2,12,45
1,1,15,61
2,2,27,10
1,2,18,4
2,2,11,72
1,1,17,14
2,1,24,12
1,1,9,27
2,1,20,89
1,2,10,18
2,1,18,40
2,2,19,7
2,2,19,85
2,2,17,17
1,1,1,99
1,2,8,45
1,1,9,91
2,2,15,24
2,2,23,11
2,1,20,20
1,1,9,71
1,2,22,5
2,1,34,66
1,2,6,34
2,1,20,25
2,1,8,2
2,2,15,4
1,2,26,2
1,2,10,30
2,2,19,19
2,2,21,20
1,2,22,8
2,2,13,24
1,1,9,51
2,1,10,82
2,2,7,32
1,1,5,105
2,2,29,15
1,1,17,34
1,2,22,85
2,1,14,2
2,1,14,92
1,1,5,18
1,1,19,10
1,2,8,68
1,1,15,75
2,1,4,103
1,2,18,45
1,2,6,93
2,1,10,73
1,2,10,40
2,2,15,11
2,2,15,10
1,2,20,35
2,1,20,13
2,1,24,4
1,1,11,89
1,2,18,10
1,2,18,35
2,1,18,73
2,2,17,10
1,2,12,10
1,1,7,57
1,1,15,15
2,1,14,35
2,1,8,10
1,1,13,95
1,1,21,10
1,2,10,21
1,2,22,25
2,1,24,8
2,1,18,93
2,1,12,16
1,1,21,94
2,2,19,17
2,2,19,10
1,1,15,7
1,2,28,10
1,1,7,38
2,1,18,29
2,1,14,18
2,2,19,2
1,1,33,10
1,1,19,17
1,2,16,65
1,2,12,11
1,1,5,82
1,2,20,20
1,1,7,18
2,1,18,83
1,2,8,22
2,2,29,39
1,2,8,12
1,1,9,40
1,1,5,91
1,2,22,20
2,2,5,92
1,2,8,72
1,2,22,52
1,1,27,6
1,2,24,10
1,1,5,24
1,2,22,87
1,1,17,79
1,2,12,18
2,1,12,10
2,1,12,30
1,1,11,70
2,2,15,10
2,1,12,5
1,1,15,24
1,1,11,79
2,2,9,76
2,2,9,39
1,2,12,8
2,1,16,97
2,1,12,2
1,2,10,5
2,1,10,29
1,2,20,29
2,1,6,77
1,2,14,103
1,1,11,82
2,1,14,10
2,2,13,19
1,2,10,27
1,1,5,91
1,2,18,71
2,1,12,108
1,1,13,14
2,1,18,4
1,2,6,50
1,1,7,35
2,2,7,14
1,1,13,10
1,1,15,18
2,2,15,77
1,1,17,10
1,2,20,2
2,1,12,33
2,1,16,70
1,2,8,19
1,1,5,39
2,1,16,18
1,2,14,55
1,1,15,10
2,1,20,83
1,1,13,19
2,2,11,13
1,2,18,7
1,1,17,2
2,1,24,22
2,2,21,24
2,1,14,72
1,2,4,109
2,2,11,18
1,1,19,2
2,2,15,20
2,2,17,17
1,1,17,7
2,1,6,77
2,1,18,5
1,2,10,17
1,1,17,20
2,2,11,92
2,1,18,2
2,2,15,3
2,1,12,98
2,2,7,71
1,1,17,2
1,1,15,30
2,2,9,17
2,2,15,3
1,1,11,19
2,2,25,8
2,2,7,23
2,2,13,22
1,2,12,52
2,2,13,72
1,2,4,51
1,1,11,14
1,1,7,74
1,1,7,68
1,1,25,12
1,2,14,48
1,1,23,4
2,1,16,6
2,2,19,21
2,2,17,24
2,2,33,10
2,2,5,34
1,2,20,52
2,2,11,111
1,2,12,5
1,2,8,10
1,1,9,5
1,1,9,4
2,2,9,95
1,2,14,25
2,1,12,17
1,2,30,0
1,1,5,54
1,2,8,29
1,1,7,80
1,1,7,68
2,1,20,3
1,2,8,97
2,2,13,16
2,1,12,73
1,1,15,12
2,1,16,11
1,1,11,34
1,2,10,26
2,1,18,9
2,1,12,29
1,1,5,80
1,2,16,86
1,1,11,17
1,1,17,95
1,1,23,15
1,1,31,2
2,1,16,8
1,2,16,8
2,2,13,47
2,1,2,99
1,2,12,12
2,2,7,77
1,1,21,10
2,1,26,12
1,1,13,23
2,2,5,59
2,1,10,31
1,1,11,9
1,1,23,29
1,1,9,10
1,1,13,39
2,1,6,34
2,2,23,81
1,1,3,92
2,2,23,56
1,2,16,4
2,2,9,84
1,2,18,78
1,1,11,89
1,1,23,10
2,1,6,87
2,2,13,41
1,2,18,22
1,1,11,42
1,1,15,32
1,2,14,10
2,1,24,10
2,2,11,10
1,1,11,10
2,2,31,20
2,1,14,27
1,1,15,11
2,2,13,17
1,2,16,24
1,2,18,17
1,2,10,32
1,1,9,93
1,2,2,87
2,2,21,38
1,2,22,6
1,1,15,44
2,1,12,101
2,1,12,31
2,2,9,29
2,2,11,19
1,1,7,86
2,2,11,80
1,2,16,15
1,1,5,5
1,1,13,49
1,2,22,42
2,2,9,47
2,2,13,31
2,2,5,8
2,1,14,30
2,2,7,31
1,1,11,16
1,1,25,25
1,1,13,10
1,2,26,75
1,1,9,23
1,1,3,68
2,2,19,51
1,2,8,38
2,1,16,110
1,1,13,3
1,2,12,36
2,1,24,17
1,1,21,30
2,2,7,73
2,1,20,16
2,1,12,62
2,2,17,0
1,1,25,10
1,2,12,32
1,1,9,5
2,1,16,10
1,1,19,15
1,2,20,85
1,1,9,30
1,2,16,3
2,2,15,13
2,1,18,10
1,2,12,94
2,1,14,44
1,1,15,25
1,1,7,10
1,1,3,82
2,2,15,9
1,2,10,10
2,2,11,10
2,2,7,83
1,2,20,20
1,1,7,26
1,1,29,30
1,1,15,7
1,1,17,24
2,1,14,15
1,2,14,23
2,2,13,10
2,2,11,25
2,1,12,24
2,1,12,58
2,1,8,92
2,2,11,10
1,2,6,23
1,2,4,33
2,2,11,28
2,2,7,9
1,2,14,16
1,1,23,34
1,1,15,7
2,2,27,90
2,2,5,85
2,2,3,83
2,1,12,35
2,1,14,14
1,2,30,4
1,1,17,30
1,1,13,32
2,2,5,90
1,2,16,3
1,2,4,33
1,2,4,26
1,2,6,17
1,2,22,5
2,1,16,30
1,2,10,34
2,2,5,34
2,2,25,0
2,1,8,72
2,1,14,23
1,2,20,20
2,1,10,10
2,2,11,3
2,2,15,25
2,1,12,78
2,1,28,10
1,2,14,18
1,1,21,33
1,2,16,9
2,1,18,9
1,2,16,19
2,2,23,23
1,2,10,21
2,1,18,63
1,2,20,17
2,1,22,9
1,1,7,9
1,1,11,64
1,2,16,10
2,1,6,57
2,1,28,39
2,2,23,29
2,1,20,51
2,2,17,101
2,2,9,61
1,2,16,7
1,2,16,11
1,1,29,13
1,1,23,7
2,1,16,20
2,2,25,5
1,1,7,6
2,1,10,52
2,1,8,73
1,1,15,19
2,1,6,10
2,1,20,103
2,1,16,39
1,2,8,22
1,2,14,15
2,1,10,59
1,1,11,68
2,1,16,10
1,1,9,49
2,2,33,10
1,1,15,7
2,1,10,0
1,1,9,83
1,1,17,83
1,1,9,79
2,2,17,2
2,1,14,3
1,2,6,44
2,1,28,10
2,1,4,27
2,1,14,21
2,2,25,10
2,1,20,30
1,1,13,11
1,1,13,34
1,2,28,6
2,2,13,9
2,2,7,10
1,1,17,105
2,2,11,48
1,1,15,14
1,2,22,4
1,1,9,37
2,2,11,96
1,1,7,10
2,1,12,29
2,1,6,3
1,2,22,10
2,2,3,12
2,1,20,17
2,2,19,7
1,1,7,6
1,2,10,16
2,2,13,90
1,2,12,6
2,1,4,71
1,1,7,53
1,2,14,88
1,2,12,58
1,1,21,23
2,2,7,52
1,2,6,95
1,1,5,10
1,2,20,10
1,1,15,27
1,2,12,35
1,1,5,60
1,2,20,18
2,2,1,98
2,2,15,10
1,1,19,2
2,2,9,9
2,2,11,48
1,1,11,20
2,2,23,64
2,2,7,49
2,1,26,26
1,1,11,2
2,2,11,16
2,1,22,13
2,2,17,10
1,2,20,0
1,1,11,53
1,2,14,59
1,2,16,5
2,1,10,94
2,2,17,4
2,2,11,3
1,1,9,39
1,2,22,10
2,2,11,70
2,1,16,98
1,1,19,25
1,1,21,76
1,1,27,47
2,2,19,12
1,2,20,99
2,1,20,6
1,1,11,29
1,2,30,49
1,2,16,35
1,1,13,17
1,2,10,76
2,2,7,40
2,2,21,26
1,2,6,28
1,1,9,56
1,1,23,5
2,1,22,11
2,1,18,10
1,1,11,99
2,2,15,2
1,2,26,16
1,2,10,89
2,2,5,31
2,2,13,24
2,1,24,10
2,1,18,30
2,2,11,39
1,1,7,19
2,1,8,20
1,2,12,8
2,2,9,48
2,1,6,50
1,1,11,95
2,2,27,23
2,2,5,16
2,2,11,76
1,1,25,2
2,1,16,74
2,2,7,90
1,2,12,29
1,1,43,6
2,2,9,37
1,2,10,37
1,2,12,32
1,1,15,27
2,1,22,7
2,2,9,82
1,1,17,10
1,2,28,37
2,1,8,92
1,2,26,30
1,1,9,26
1,2,12,20
1,2,20,10
2,1,10,8
1,2,8,84
1,1,17,10
1,2,16,17
2,2,11,67
1,2,18,30
2,1,16,2
2,2,13,21
1,1,17,19
1,2,22,83
2,2,15,2
1,1,9,95
1,2,28,30
2,1,24,19
2,2,25,10
2,2,21,25
2,1,10,75
1,1,17,10
1,1,7,90
2,2,9,5
2,1,16,40
2,2,5,36
2,2,11,77
1,1,13,2
2,1,14,39
1,1,9,17
1,2,10,6
2,1,18,27
2,2,13,86
1,2,8,13
2,1,12,37
1,1,13,4
1,2,14,2
1,2,24,6
2,2,17,15
1,1,9,2
2,1,10,75
1,1,15,11
1,2,24,12
1,1,7,33
1,2,14,55
2,1,10,16
1,1,7,20
1,2,16,37
2,1,20,10
2,2,7,83
1,2,4,98
1,1,11,72
2,2,15,25
1,2,18,25
2,2,9,86
2,2,19,9
2,2,15,15
1,2,12,10
2,1,22,8
2,1,12,13
1,2,10,86
1,1,11,20
1,1,9,7
1,1,29,9
2,1,6,16
1,1,19,3
2,2,7,80
1,1,17,25
2,2,13,38
1,1,15,15
2,2,13,10
2,1,22,10
1,1,7,88
1,1,19,49
1,2,2,17
1,2,20,13
2,1,16,10
2,1,24,10
1,2,6,39
1,1,11,35
2,1,14,48
2,2,17,10
2,1,14,18
1,1,15,59
1,1,21,10
2,1,22,10
2,2,23,49
2,1,14,8
1,2,14,12
1,2,22,11
2,2,7,46
1,1,13,83
2,2,17,9
2,2,17,106
2,1,18,22
2,2,9,49
2,2,23,67
2,2,11,40
1,2,14,24
1,1,21,2
1,2,12,15
1,2,10,74
2,2,11,10
1,1,25,9
2,1,8,3
2,2,9,106
2,1,10,21
2,2,19,0
2,1,14,88
1,2,10,30
2,1,18,21
2,1,18,77
1,2,12,52
2,2,15,30
1,1,29,2
1,1,9,46
1,2,10,4
1,2,4,65
2,1,10,38
2,2,5,34
1,1,3,55
2,2,15,33
2,1,6,44
1,1,3,91
2,1,24,18
2,2,13,103
2,1,8,83
1,2,18,39
2,1,18,61
2,2,9,10
2,2,13,18
1,1,19,16
1,1,15,5
1,1,35,10
1,2,8,10
2,1,30,2
2,2,17,64
2,1,8,6
2,2,25,94
2,2,21,22
2,2,5,84
2,1,18,5
2,2,23,8
2,2,7,28
2,2,15,18
2,1,10,21
2,1,18,8
2,1,30,22
1,2,24,11
1,2,8,27
1,1,23,78
1,2,20,2
2,2,11,50
2,1,12,14
2,2,3,76
1,2,34,10
1,1,7,83
1,1,31,4
1,1,13,17
1,1,25,12
1,2,10,44
1,2,20,10
1,2,4,88
2,2,23,85
2,2,13,51
1,1,29,5
2,2,33,10
2,1,8,58
2,1,10,21
2,2,11,73
2,2,9,91
1,2,24,8
1,1,13,10
1,2,14,16
2,2,5,70
1,1,13,9
1,2,18,5
2,2,19,10
1,2,26,54
1,2,4,96
2,2,13,21
2,1,20,3
2,1,14,96
1,2,10,70
1,2,10,18
2,1,16,30
2,2,23,3
2,1,20,20
1,2,14,16
2,2,23,30
1,2,22,40
1,2,8,30
1,2,14,10
2,1,8,15
1,2,20,8
1,2,12,19
2,2,7,90
2,2,13,93
1,1,11,88
1,2,24,19
1,1,17,22
1,2,16,92
1,2,20,48
2,2,5,97
1,1,25,10
2,1,10,5
1,2,24,5
1,2,10,43
2,2,15,100
2,1,10,14
1,2,12,9
2,2,7,86
1,2,26,3
1,2,8,66
1,2,12,83
1,1,21,30
2,2,7,44
2,2,11,20
1,2,14,22
1,1,25,12
1,1,13,30
1,1,5,94
2,1,8,23
1,1,31,2
2,2,13,0
2,2,13,39
1,1,19,48
1,1,19,10
1,2,20,84
1,2,20,85
2,1,6,3
1,1,5,77
1,2,22,38
1,2,28,7
1,1,13,53
1,2,32,5
1,2,16,7
1,1,13,23
1,1,15,20
2,1,22,31
1,2,12,16
1,2,6,89
1,2,10,94
1,1,3,87
1,2,12,11
1,2,24,10
2,2,29,34
1,2,20,2
2,1,20,73
1,1,11,2
2,1,8,92
2,2,15,2
2,2,15,7
2,1,6,9
1,1,15,2
1,2,12,79
2,1,10,20
2,1,10,38
2,1,12,40
1,2,10,25
1,1,19,90
1,1,17,27
2,1,12,3
1,1,9,112
2,2,5,74
2,2,13,5
1,1,11,3
2,2,9,24
2,1,14,80
1,2,12,49
1,1,19,21
2,1,18,20
1,2,14,23
2,1,18,14
1,1,9,78
1,1,17,5
1,2,16,12
1,2,4,89
1,2,26,2
1,1,11,72
1,1,11,97
2,2,27,2
1,1,21,5
1,1,17,4
1,2,18,13
2,2,9,16
1,2,20,7
1,1,17,20
1,1,3,82
2,1,12,77
2,1,14,9
1,2,6,96
2,1,20,5
1,1,11,103
2,2,15,22
2,1,12,85
1,1,25,16
2,2,13,59
1,2,16,16
1,1,9,40
1,1,9,64
2,1,8,47
2,1,6,59
1,2,16,16
2,1,12,10
1,2,18,11
1,2,16,17
2,2,21,10
1,1,7,44
2,2,13,27
2,2,11,83
2,2,11,6
2,1,8,15
1,2,18,2
2,1,24,71
2,2,13,76
2,2,31,19
1,2,26,9
2,1,8,97
1,1,17,14
1,2,18,76
1,2,16,31
1,1,9,86
1,2,16,20
2,1,16,10
2,1,20,17
2,1,16,9
1,1,9,61
1,2,10,30
2,1,10,17
1,2,14,25
2,1,12,10
1,2,16,15
1,2,14,78
2,1,18,14
2,1,18,77
2,2,19,4
2,2,13,109
2,1,14,67
1,1,11,57
2,1,20,40
1,2,16,6
2,1,12,30
1,1,13,89
1,1,11,23
1,1,13,13
2,1,18,10
2,2,25,5
2,2,11,88
2,1,16,6
2,1,8,87
1,1,5,103
2,2,15,82
1,1,11,48
2,2,23,21
1,1,17,10
2,1,16,20
1,2,6,20
1,2,14,65
2,2,9,30
1,1,9,10
2,1,6,97
2,1,14,2
2,2,35,12
2,2,5,69
2,1,4,35
1,1,17,0
2,2,11,75
2,1,6,18
1,2,16,85
1,2,10,49
2,1,10,97
2,1,24,2
2,1,14,62
1,2,14,25
1,1,5,75
2,2,11,10
2,2,19,26
2,2,9,7
1,1,15,16
2,1,26,18
2,2,13,11
2,2,13,23
2,1,6,117
1,2,22,48
1,1,21,50
1,2,24,80
1,2,6,88
1,1,21,10
2,2,9,80
1,2,10,17
2,2,25,20
1,1,11,88
1,2,22,10
1,2,14,39
1,1,9,48
1,1,9,97
1,1,17,12
1,1,13,31
2,2,13,44
1,1,13,26
2,2,19,18
2,2,19,28
2,2,17,103
2,1,22,30
1,1,3,95
2,2,5,38
1,2,18,15
1,1,9,30
1,1,5,92
1,1,21,7
2,1,14,22
2,2,7,7
2,1,12,10
2,1,4,21
2,2,7,57
1,2,14,4
1,2,12,15
1,2,12,87
1,1,13,47
1,1,9,71
2,2,19,4
1,2,18,15
2,1,20,26
1,2,10,28
1,2,6,28
2,2,13,10
1,2,8,29
1,1,17,7
2,2,5,67
1,2,16,57
2,2,9,30
1,2,6,72
1,1,7,29
2,1,18,30
2,1,12,2
2,2,9,9
2,1,30,107
1,2,18,30
1,2,12,112
1,1,25,6
2,2,11,92
1,1,7,106
1,1,17,2
2,2,15,21
1,1,5,23
2,1,22,14
1,2,6,15
2,1,16,12
1,2,12,10
1,1,17,11
1,1,13,24
2,1,10,20
2,1,26,3
1,2,28,22
1,1,17,82
2,1,12,23
2,2,9,5
2,2,13,26
2,1,18,7
1,1,3,39
2,2,7,23
1,2,10,91
2,1,28,20
2,2,13,34
2,1,26,7
2,1,26,10
1,1,19,17
2,1,22,22
2,2,17,6
1,1,9,2
2,1,36,10
2,1,18,10
2,2,11,51
2,2,23,3
1,2,8,10
1,2,22,13
2,2,19,2
1,1,17,11
1,2,22,10
2,1,24,14
2,2,17,7
1,2,8,14
2,2,9,29
1,2,24,16
2,2,7,54
2,1,14,41
1,1,7,106
1,2,16,13
1,1,27,20
2,2,15,24
1,1,15,10
2,1,8,79
1,2,6,81
2,1,4,92
2,2,11,84
1,2,22,14
1,2,10,22
2,1,10,19
2,2,15,21
2,2,13,5
1,2,20,22
2,2,5,99
2,2,13,50
1,1,41,7
2,2,31,76
1,2,22,5
1,1,15,29
2,2,17,21
2,2,13,24
2,1,28,10
2,1,4,79
2,1,16,3
1,1,9,42
1,1,9,29
2,1,10,8
1,2,8,72
2,2,11,108
2,1,18,2
1,1,23,17
2,1,30,30
2,2,3,87
1,2,10,12
2,2,39,7
2,1,22,58
1,2,18,13
2,2,9,44
1,1,11,16
1,2,22,10
1,1,21,10
1,2,16,95
1,2,16,72
2,1,6,79
2,1,6,79
1,1,15,2
1,1,17,2
2,1,8,10
2,1,14,20
1,2,10,24
2,1,10,23
2,2,25,4
1,2,6,22
1,1,3,65
2,2,13,101
2,2,17,81
1,1,7,43
2,1,34,10
1,2,18,47
1,1,17,47
2,2,5,42
2,2,11,99
2,2,13,47
1,1,25,8
2,1,30,5
1,1,27,2
2,1,18,10
2,1,10,28
2,2,17,92
2,2,19,2
1,2,12,87
2,1,28,10
2,1,6,88
2,1,6,91
1,1,17,30
1,1,17,80
1,1,19,7
1,2,14,82
2,1,14,8
1,2,18,15
2,2,9,8
1,1,11,97
1,2,26,10
2,1,8,20
2,1,14,9
1,2,14,10
1,2,14,47
2,2,13,23
2,1,22,30
2,2,21,8
2,1,10,24
1,2,26,23
2,2,13,70
1,1,3,54
1,1,5,48
1,2,14,7
2,2,13,30
1,2,8,44
2,1,24,88
2,1,10,8
2,2,7,88
2,1,8,21
2,1,10,60
1,2,8,38
1,2,12,3
1,1,3,35
1,2,20,14
1,2,14,24
2,2,9,17
1,2,30,37
1,2,6,80
1,2,8,87
2,2,13,10
1,1,21,92
1,1,5,0
2,1,8,2
2,1,14,88
1,1,11,97
1,1,9,11
1,2,12,12
1,1,13,16
2,1,40,18
2,1,6,18
1,1,17,12
2,1,10,4
1,1,15,63
1,2,10,13
1,2,18,79
1,1,11,48
2,2,15,18
2,1,14,6
1,1,23,77
2,2,15,96
1,2,8,35
1,1,19,10
1,2,16,37
2,1,12,20
1,1,9,9
1,1,5,106
2,2,15,85
2,2,15,4
2,2,11,54
1,2,2,86
2,2,15,21
2,2,11,77
1,1,17,23
2,2,13,10
1,2,18,10
1,1,9,85
2,1,10,7
2,1,6,94
1,1,11,25
2,2,15,42
1,2,18,12
2,2,11,79
1,2,4,100
2,1,18,40
2,2,5,62
2,1,12,26
1,1,11,48
2,2,19,49
2,1,10,6
2,2,11,75
2,1,14,27
1,2,14,10
1,1,5,69
1,1,17,17
2,1,14,3
1,1,9,85
2,1,10,4
2,1,12,102
2,1,18,10
1,2,4,10
1,2,4,39
1,1,19,22
2,1,24,20
1,1,37,3
1,1,27,19
2,2,3,82
1,1,21,82
2,2,7,49
1,1,11,6
1,2,18,15
1,2,16,22
2,1,20,3
2,2,11,86
2,1,22,21
2,2,9,36
1,1,15,2
1,1,25,19
1,2,16,10
1,1,11,2
2,1,12,13
2,1,14,38
1,1,13,21
2,1,12,94
2,2,7,26
1,2,12,2
1,1,29,15
1,2,34,13
2,1,12,61
1,1,13,16
2,1,8,27
1,1,11,105
1,1,13,20
1,2,22,9
2,1,8,75
2,2,31,11
1,2,10,28
2,2,5,92
2,1,14,8
1,2,22,9
2,1,14,23
1,1,15,106
1,1,9,79
1,1,7,59
2,1,4,19
2,2,11,19
2,1,4,103
1,1,21,6
1,1,31,47
2,1,6,47
1,1,19,25
1,1,13,9
1,2,16,7
2,2,19,10
2,2,17,5
1,2,12,83
1,2,16,29
1,2,12,10
2,1,14,24
1,2,10,88
1,1,15,10
2,2,13,51
2,1,16,10
1,2,12,11
2,2,7,52
1,2,10,16
2,1,16,16
1,1,15,56
1,1,17,23
2,1,36,3
1,2,14,75
1,1,1,99
2,1,8,77
2,1,10,56
2,1,18,16
1,1,7,85
1,1,9,39
1,2,20,10
2,2,17,45
1,2,26,10
2,2,7,40
2,1,18,25
2,1,10,85
2,1,18,10
2,2,15,22
2,1,14,86
1,2,10,3
1,1,7,55
2,2,15,91
2,1,6,34
1,1,17,14
1,2,18,8
2,1,16,54
2,1,8,23
1,2,14,4
2,2,5,50
2,2,5,38
1,1,15,29
2,2,15,19
2,2,13,24
2,1,10,5
2,1,14,21
1,1,15,28
2,1,14,116
1,1,17,83
1,2,12,68
1,2,44,10
1,2,24,4
2,1,10,87
1,2,12,83
2,1,10,32
1,1,11,21
2,1,10,10
1,1,11,23
1,1,15,6
1,1,3,81
1,2,4,63
2,1,10,48
1,2,12,72
